티커,종목명,시장,RS,clenow,fip,신규,시총,r3,r6,r9,r12,close,거래대금20
043260,성호전자,KOSDAQ,99,-0.35449768444884733,-0.0222222222222222,False,2354097657600,42.08144796380091,-31.664853101196954,190.74074074074073,2913.4357005758156,31400,117283307115.0
000500,가온전선,KOSPI,99,0.1859313759440325,0.0888888888888889,False,9796832703000,18.01801801801801,465.6108597285068,604.1496452375833,997.5201072386059,327500,89099614775.0
010170,대한광통신,KOSDAQ,99,-0.02236280179852693,-0.0888888888888889,False,2767644748000,45.91503267973855,40.188383045525896,565.672754379426,1253.030303030303,17860,240195540697.0
032580,피델릭스,KOSDAQ,99,-0.002135454801995782,-0.05555555555555558,False,245839914880,49.504950495049506,602.3255813953489,557.0931244560487,474.58143074581426,7550,4917095157.75
159010,아스플로,KOSDAQ,99,0.5443694035262797,-0.04444444444444445,False,428045121900,68.503937007874,457.2916666666667,528.1800391389432,591.0656620021529,32100,4980721882.5
036930,주성엔지니어링,KOSDAQ,99,-0.0016368918194682959,0.0,False,11016025677000,24.350986500519213,285.048231511254,686.5353037766831,671.3365539452495,239500,289173308695.0
351320,넥사다이내믹스,KOSDAQ,99,27.480527560155316,0.06666666666666671,False,148991239310,375.74257425742576,269.61538461538464,284.70776621297034,210.0,4805,3104850635.25
009150,삼성전기,KOSPI,99,-0.19764077530852067,0.0888888888888889,False,118090733376000,-20.713926596279542,245.83333333333334,484.0740740740741,705.4136874361593,1577000,822860959550.0
069540,빛과전자,KOSDAQ,98,0.0001291569287986182,0.011111111111111127,False,495844346800,114.11192214111922,35.384615384615394,605.1282051282051,450.0,4400,88425738257.25
109670,씨싸이트,KOSDAQ,98,6.594220219607441,0.1444444444444445,False,101265044700,326.81426814268144,249.44612286002013,191.1073825503356,128.59025032938075,17350,2651806099.0
046970,우리로,KOSDAQ,98,-0.002223408420431767,-0.0444444444444444,False,365500491660,58.5551330798479,8.311688311688314,551.5625,542.5269645608629,8340,48162451759.5
327260,RF머트리얼즈,KOSDAQ,98,0.23110745810603772,0.04444444444444445,False,944338920000,114.54208170343185,41.18521270666915,322.1887151813348,542.512077294686,53200,50217467950.0
017900,광전자,KOSPI,98,9.64582283718801e-06,-0.16666666666666663,False,569007752660,56.86900958466454,120.42648709315378,444.04432132963984,414.13612565445027,9820,83276448933.0
001820,삼화콘덴서,KOSPI,98,-2.0556508894608695e-05,0.04444444444444445,False,1626817500000,32.27158424140821,177.3286467486819,423.3830845771144,376.0180995475113,157800,150192089960.0
007460,에이프로젠,KOSPI,98,-0.5187084243147158,-0.28888888888888886,False,54891032100,-14.940239043824699,602.3026315789474,200.7042253521127,231.52173913043475,2135,610943986.0
131290,티에스이,KOSDAQ,98,0.08782591648130128,0.05555555555555558,False,3213345124500,16.533864541832678,168.84191176470588,361.35646687697164,431.8181818181818,292500,38584407125.0
079650,서산,KOSDAQ,98,34.93960404461903,-0.04444444444444445,False,112000000000,74.34312210200926,292.21140472879,294.4055944055944,253.60501567398117,5640,34246632723.5
092870,엑시콘,KOSDAQ,98,0.17969022390020845,-0.03333333333333327,False,686471922200,187.41865509761388,105.8252427184466,228.37670384138784,235.0189633375474,53000,15110033732.5
417840,저스템,KOSDAQ,98,-1.97307659745571e-05,-0.011111111111111127,False,425201998930,54.004954582989264,204.24143556280586,234.22939068100357,302.4600776866638,18650,17122094701.0
219130,타이거일렉,KOSDAQ,98,0.1592056613128188,-0.04444444444444445,False,582808967000,37.76119402985074,236.247723132969,287.0020964360587,238.0952380952381,92300,3223542575.0
001210,금호전기,KOSPI,98,75.99446594280128,-0.14444444444444443,False,118058700650,156.140350877193,139.64646464646466,248.25688073394497,118.4119677790564,9490,36447706564.0
072950,빛샘전자,KOSDAQ,98,0.006764357067773084,-0.0222222222222222,False,138907522500,112.4384236453202,134.69387755102042,220.63197026022303,217.67955801104972,17250,62619203298.0
098120,마이크로컨텍솔,KOSDAQ,97,3.672438291423905,-0.011111111111111072,False,502091066400,152.5,121.97802197802199,244.51392836839113,123.20441988950277,60600,8915664477.5
222800,심텍,KOSDAQ,97,0.016950017982100926,0.08888888888888885,False,6434612747200,31.83578621223857,243.4914228052472,235.03937007874015,233.72549019607845,170200,98824733955.0
092190,서울바이오시스,KOSDAQ,97,-0.013351703528945035,-0.11111111111111116,False,414191498490,41.09374999999999,171.57894736842104,237.57009345794393,283.43949044585986,9030,1532678559.0
031980,피에스케이홀딩스,KOSDAQ,97,0.13185463260533176,0.0222222222222222,False,4174479672000,34.53787352328006,107.05882352941178,284.8906560636183,309.7354497354497,193600,31423138990.0
024840,KBI메탈,KOSDAQ,97,0.19423948609196878,0.04444444444444445,False,279488739810,25.730994152046783,196.55172413793105,260.53661263275575,249.78308026030368,6450,15945870858.0
047040,대우건설,KOSPI,97,-0.11019099865803479,0.0,False,7236083505180,-3.7540805223068574,5.234979179060084,372.99465240641706,387.3278236914601,17690,154197831694.0
006340,대원전선,KOSPI,97,0.3182499607562272,-0.05555555555555558,False,1048400741920,2.911877394636009,151.9699812382739,250.19556714471966,346.17940199335544,13430,33401261111.5
064290,인텍플러스,KOSDAQ,97,0.002775829569718951,-0.04444444444444445,False,765792859800,14.092664092664098,174.88372093023256,326.0994953136265,198.4848484848485,59100,21091459052.5
095610,테스,KOSDAQ,97,-0.0002904840346588029,-0.05555555555555558,False,3434464000000,0.6204173716864103,197.8297161936561,235.33834586466168,289.51965065502185,178400,57835071625.0
446540,메가터치,KOSDAQ,97,0.19717717621845268,0.06666666666666671,False,316089936570,94.81216457960645,161.77884615384616,200.82872928176795,164.32038834951456,10890,9340363072.0
353200,대덕전자,KOSPI,97,-0.32985958894722356,-0.05555555555555558,False,7303821515000,15.123456790123457,83.74384236453203,211.15745568300315,385.9934853420196,149200,123590008805.0
317400,자이에스앤디,KOSPI,97,50.937701572386494,0.0222222222222222,False,388600850400,117.17391304347827,141.01326899879373,131.78654292343387,202.72727272727275,9990,10352402598.0
319660,피에스케이,KOSDAQ,97,-0.004595420032164285,-0.11111111111111116,False,4402940528000,-16.62095447065277,100.0,290.745501285347,341.86046511627904,152000,47136737985.0
080220,제주반도체,KOSDAQ,97,-0.31556861947903847,0.09999999999999998,False,3182517769200,1.4207650273224015,141.03896103896102,202.7732463295269,345.083932853717,92800,104931040770.0
020120,키다리스튜디오,KOSPI,97,14.082773162456883,0.05555555555555558,False,307258620140,149.0166414523449,152.84178187403992,127.66251728907329,104.21836228287842,8230,4325689558.5
440110,파두,KOSDAQ,96,-0.35724647929767084,-0.0222222222222222,False,4304537219300,9.170854271356777,72.07920792079207,308.9411764705883,281.978021978022,86900,44240933555.0
402340,SK스퀘어,KOSPI,96,-0.21861169937570718,0.09999999999999998,False,153031837680000,-27.24984266834487,139.3374741200828,194.89795918367346,385.71428571428567,1156000,551370399700.0
025560,미래산업,KOSPI,96,-0.05984441764258665,-0.0444444444444444,False,231951961300,-8.643326039387311,219.18960244648318,192.1623512946116,264.9475524475525,8350,3180748059.0
002990,금호건설,KOSPI,96,40.019638975050555,-0.12222222222222223,False,454571682800,28.947368421052634,162.31263383297642,190.62870699881378,242.65734265734267,12250,32988047484.0
052460,아이크래프트,KOSDAQ,96,13.690108643982798,0.11111111111111105,False,94951584000,128.8224956063269,87.60806916426513,147.52851711026616,153.8011695906433,6510,1340931721.75
412350,레이저쎌,KOSDAQ,96,-0.08726254102907752,-0.05555555555555558,False,105726031320,68.28992072480182,-17.627494456762747,261.55717761557173,220.95032397408207,7430,2442698182.25
000660,SK하이닉스,KOSPI,96,-0.2833696675513528,0.1777777777777778,False,1344836443965000,-24.041237113402058,110.27397260273975,172.08271787296897,365.73957016434895,1842000,5684736761050.0
252990,샘씨엔에스,KOSDAQ,96,0.19985730915836775,0.0222222222222222,False,1191712023310,63.27868852459015,116.52173913043478,185.79626972740314,168.10228802153432,19920,13375322150.5
036540,SFA반도체,KOSDAQ,96,0.007422680400690251,-0.08888888888888885,False,1869913645110,112.22222222222223,78.50467289719627,135.3182751540041,158.3990980834273,11460,73321230890.0
226340,본느,KOSDAQ,96,20.224351825859454,-0.07777777777777772,False,48916521720,201.4477766287487,85.96491228070175,68.98550724637683,34.64203233256351,5830,4042363830.0
080580,오킨스전자,KOSDAQ,96,0.19429010567693644,-0.011111111111111072,False,616910433750,96.164199192463,54.88841657810839,180.82851637764935,161.20071684587813,29150,10153965319.0
006110,삼아알미늄,KOSPI,96,0.0003074430767124297,-0.1555555555555555,False,946728283000,61.904761904761905,74.72222222222223,174.0740740740741,206.82926829268294,62900,9164001935.0
126640,화신정공,KOSDAQ,96,0.19785057390103256,0.09999999999999998,False,138821403600,-1.8633540372670843,165.27871054398923,207.39299610894943,208.35284933645588,3950,4455814481.5
052860,아이앤씨,KOSDAQ,96,0.38888889510004454,0.1444444444444445,False,137396107260,71.46067415730337,52.9058116232465,187.38229755178907,189.0151515151515,7630,643448145.0
356680,엑스게이트,KOSDAQ,96,-0.058913310723166974,-0.0222222222222222,False,536332214680,41.93072955047901,180.34934497816596,141.95979899497488,150.1298701298701,19260,93222528781.0
420770,기가비스,KOSDAQ,95,-0.2342573679929158,-0.0222222222222222,False,1638975509400,-22.574850299401195,55.408653846153854,307.8864353312303,228.58958068614993,129300,16497788465.0
396300,HT로보틱스,KOSDAQ,95,0.04124030726413166,-0.12222222222222223,False,162910425000,86.96969696969697,75.78347578347578,153.38809034907598,122.74368231046932,6170,20867666719.0
144960,뉴파워프라즈마,KOSDAQ,95,0.3329517214323656,-0.08888888888888885,False,576742636800,56.38297872340425,159.41176470588238,132.10526315789474,117.24137931034484,13230,10938801726.0
331920,셀레믹스,KOSDAQ,95,-0.11659932860865033,-0.15555555555555556,False,119307191850,-8.013937282229966,-17.821011673151755,288.2352941176471,257.96610169491527,10560,566309245.0
134580,탑코미디어,KOSDAQ,95,34.33206557484988,0.055555555555555525,False,140488324650,177.77777777777777,71.37702946482261,38.01452784503632,18.99791231732777,2850,2425774311.75
036170,에이치엠넥스,KOSDAQ,95,-0.5367450833706137,-0.11111111111111105,False,185324190520,-0.16528925619834212,-21.558441558441555,251.1627906976744,246.72789896670494,3020,788210592.75
290550,디케이티,KOSDAQ,95,-0.18039048411071115,-0.09999999999999998,False,476029274000,5.518763796909498,33.296151701059685,237.57062146892656,190.75425790754258,23900,7709819857.5
003010,혜인,KOSPI,95,8.939329810779642,-0.011111111111111127,False,120135459150,111.11111111111111,69.34046345811052,77.57009345794393,75.92592592592592,9500,5860979745.5
066570,LG전자,KOSPI,95,-0.0669771364011734,-0.03333333333333327,False,35183081808000,12.827225130890053,98.98430286241921,135.77680525164112,182.06806282722513,215500,136556289940.0
187660,페니트리움바이오,KOSDAQ,95,-1.224968961536394e-06,-0.09999999999999998,False,449043096060,46.51404786680542,-30.110195572322052,191.1497105045492,186.52828652828654,7040,19496147785.0
032820,우리기술,KOSDAQ,95,-0.02659623354681446,-0.08888888888888885,False,2194364572400,10.630942091616259,-40.74074074074075,242.7041499330656,216.44004944375772,12800,92007678328.5
007810,코리아써키트,KOSPI,95,-0.522262892414694,-0.0222222222222222,False,1976167888000,3.366583541147139,21.911764705882362,73.61256544502616,336.3157894736842,82900,38072413675.0
004710,한솔테크닉스,KOSPI,95,-0.1627335758842912,-0.06666666666666665,False,642887426040,20.2191235059761,175.8857142857143,117.83071647717018,98.5523934857707,12070,11649392848.0
071200,인피니트헬스케어,KOSDAQ,95,2.5915998370643565,-0.033333333333333326,False,285926487760,72.86135693215338,88.12199036918138,96.9747899159664,95.00831946755409,11720,2418831233.0
010950,S-Oil,KOSPI,94,2.054082710258321,0.1333333333333333,False,18711260030400,49.637023593466424,48.02513464991023,105.35491905354921,164.68699839486356,164900,65459973335.0
093370,후성,KOSPI,94,-0.0028181058443282198,0.04444444444444445,False,1757914858700,13.181504485852313,83.85650224215246,121.62162162162163,170.6270627062706,16400,63629729815.0
053610,프로텍,KOSDAQ,94,-0.13178024658680518,0.03333333333333327,False,765000000000,21.306818181818187,62.66666666666667,134.93810178817057,160.36585365853657,85400,2422375670.0
119850,지엔씨에너지,KOSDAQ,94,19.90840300252426,0.0444444444444444,False,880016631500,92.08633093525181,70.88000000000001,71.98067632850243,65.3250773993808,53400,33352209192.5
010120,LS ELECTRIC,KOSPI,94,-0.1437666640160463,-0.11111111111111105,False,31425000000000,-8.932461873638342,35.89076723016904,112.18274111675126,260.3448275862069,209000,77957078830.0
189330,씨이랩,KOSDAQ,94,0.5863568376734427,0.0,False,101610135720,10.663983903420515,140.96385542168676,114.00778210116731,113.59223300970874,11000,3141893807.5
138080,오이솔루션,KOSDAQ,94,-0.062380862687962876,-0.011111111111111127,False,401658247100,36.897274633123686,-22.538552787663114,113.12010443864229,224.23038728897717,32650,12593858797.5
003160,디아이,KOSPI,94,0.08279389393971691,-0.011111111111111127,False,1211240000000,72.06477732793522,50.17667844522968,76.34854771784232,117.39130434782608,42500,25518270220.0
065170,비엘팜텍,KOSDAQ,94,0.00030334075414808044,-0.0888888888888889,False,61968620460,-51.68661588683352,-23.972602739726025,307.33944954128435,207.0539419087137,2220,1997038726.0
033790,피노,KOSDAQ,94,-0.02404654955639048,-0.05555555555555558,False,871311213890,57.65625000000001,-1.46484375,98.62204724409449,173.07171853856565,10090,21807569943.5
078930,GS,KOSPI,94,4.264861371573883,-0.0222222222222222,False,9884080668000,43.97260273972603,66.03475513428121,90.05424954792043,132.00883002207507,105100,46533827045.0
058610,에스피지,KOSDAQ,94,0.00035623746689978947,-0.0888888888888889,False,2279832608000,34.81095176010429,-2.2684310018903586,25.03022974607014,282.96296296296293,103400,37843737675.0
457600,벡트,KOSDAQ,94,26.145826252254015,0.06666666666666665,False,52773875000,94.58128078817734,89.44844124700239,58.31663326653307,33.22091062394603,3950,514938506.0
181710,NHN,KOSPI,94,1.7102574402347355,-0.12222222222222223,False,1845983901500,60.72931276297335,57.63411279229711,85.73743922204213,103.19148936170212,57300,12174220020.0
425420,티에프이,KOSDAQ,94,0.023364491590048116,-0.03333333333333327,False,884058159600,89.0625,22.63513513513513,92.82868525896416,66.70493685419059,72600,8851912400.0
067290,JW신약,KOSDAQ,93,5.960365550249991,-0.06666666666666665,False,166150010395,78.2922429344558,48.24999999999999,41.1904761904762,113.4629229661627,2965,69217865530.75
097800,윈팩,KOSDAQ,93,0.0007431789447279811,-0.03333333333333327,False,110934032925,93.04556354916068,99.25742574257426,41.97530864197532,26.971608832807583,4025,4033636886.85
089970,브이엠,KOSDAQ,93,-0.2415683663623926,-0.04444444444444445,False,1740199166500,-33.856722276741905,62.60554885404102,120.98360655737706,237.50625938908362,67400,38633613350.0
005930,삼성전자,KOSPI,93,-0.21170146230623846,0.13333333333333336,False,1613572895808000,-10.823909531502418,48.22771213748658,114.78599221789882,210.1123595505618,276000,4433395642825.0
089860,롯데렌탈,KOSPI,93,5.113057169205556,0.022222222222222254,False,1873564420800,69.63696369636965,63.95534290271132,71.33333333333334,75.72649572649573,51400,4015823487.5
332570,PS일렉트로닉스,KOSDAQ,93,0.001423667917842197,-0.0222222222222222,False,425409983780,79.84496124031008,80.54474708171206,33.717579250720455,74.10881801125704,9280,21609999222.5
067310,하나마이크론,KOSDAQ,93,-0.05886678891295957,0.09999999999999998,False,3424279753500,27.161997563946414,80.62283737024221,95.87242026266416,111.76470588235294,52200,81354506290.0
322000,HD현대에너지솔루션,KOSPI,93,-0.10655579948634938,-0.06666666666666665,False,1560160000000,9.86582478295186,-27.1585557299843,151.71790235081372,195.85547290116895,139200,35440269075.0
192650,드림텍,KOSPI,93,0.9902706775986335,-0.05555555555555558,False,618018456020,104.34782608695654,45.06172839506173,32.20815752461321,53.846153846153854,9400,10760138867.5
085910,네오티스,KOSDAQ,93,-0.567869237025624,-0.05555555555555558,False,236719076880,-5.610561056105611,-20.37122969837587,95.44419134396355,275.492341356674,17160,3155917570.5
033640,네패스,KOSDAQ,93,-0.10267597151227448,-0.0222222222222222,False,719447102400,43.56659142212189,67.28037874802735,94.13919413919413,90.19138755980862,31800,6410709507.5
100590,머큐리,KOSDAQ,93,-0.032653271052520534,-0.16666666666666663,False,107122156250,66.88918558077437,2.4590163934426146,103.25203252032522,98.72813990461049,6250,9533657457.0
051160,지어소프트,KOSDAQ,93,2.5737485583426016,0.0444444444444444,False,174060985680,77.73109243697478,58.62499999999999,59.62264150943397,62.69230769230769,12690,4834470786.5
007340,DN오토모티브,KOSPI,93,0.28427666422131015,-0.011111111111111127,False,2925543250000,31.339401820546154,35.752688172043,113.9830508474576,123.94678492239466,50500,5748084317.5
388790,라이콤,KOSDAQ,93,-0.04654556317306989,-0.0222222222222222,False,174194570400,32.638888888888886,7.303370786516861,109.50639853747717,154.1019955654102,5730,5246596035.75
034730,SK,KOSPI,92,-0.14246138454517396,0.0222222222222222,False,42341578552000,-16.231884057971012,84.96,123.16602316602317,160.36036036036037,578000,70406470950.0
281820,케이씨텍,KOSPI,92,-0.004484082268190882,-0.011111111111111127,False,1821476812000,-15.193370165745856,114.68531468531467,119.54707985697257,130.82706766917292,92100,15058865560.0
000990,DB하이텍,KOSPI,92,-0.26376759689892904,0.03333333333333327,False,6125445990400,17.067108533554265,55.96026490066226,91.72320217096338,151.87165775401067,141300,88529148655.0
003350,한국화장품제조,KOSPI,92,5.312945896806175,-0.06666666666666671,False,351456600000,81.57276995305165,78.2258064516129,49.32432432432432,39.620938628158854,15470,27345421426.0
200470,에이팩트,KOSDAQ,92,-0.07500226484242657,-0.04444444444444445,False,444370857840,64.59330143540669,51.988217967599404,46.59090909090908,101.9569471624266,10320,8542247240.5
011070,LG이노텍,KOSPI,92,-0.6839432993339064,-0.14444444444444443,False,13584919418000,-34.174311926605505,76.88751926040061,114.57943925233644,204.50928381962865,574000,102802208350.0
323280,태성,KOSDAQ,92,-0.0003335547779829622,-0.011111111111111127,False,1817009810000,61.49732620320856,14.828897338403046,43.80952380952381,143.0583501006036,60400,19348874515.0
083450,GST,KOSDAQ,92,-0.09439650296272141,-0.011111111111111127,False,987848000000,8.998988877654202,108.51063829787235,77.30263157894737,119.55193482688391,53900,6687043485.0
010060,OCI홀딩스,KOSPI,92,-0.08032427248768174,-0.06666666666666671,False,4415509868000,10.7981220657277,2.8322440087146017,123.69668246445498,175.05827505827506,236000,61164177450.0
078350,한양디지텍,KOSDAQ,92,-0.04023347873982422,-0.07777777777777783,False,548797752000,65.1376146788991,31.147540983606547,67.83216783216784,93.5483870967742,36000,13310114746.5
039030,이오테크닉스,KOSDAQ,92,-0.001208068499607836,0.0,False,6554000600000,36.815286624203814,35.606060606060595,85.81314878892734,125.63025210084034,537000,57952843225.0
123010,MSDI,KOSDAQ,92,-0.315118593989695,-0.033333333333333326,False,82682487030,33.922829581993575,74.19489753241322,82.59535291538799,94.53526389537599,4165,1199608550.5
077500,유니퀘스트,KOSPI,92,0.05237484364000143,0.03333333333333327,False,224641060800,68.82067851373182,78.02385008517886,55.73770491803278,42.17687074829932,10450,2813218847.5
041520,이엘씨,KOSDAQ,92,0.9358778239069312,0.09999999999999998,False,158697264600,62.546816479400746,44.66666666666668,81.08484005563284,61.13861386138615,13020,194874735.0
403870,HPSP,KOSDAQ,91,1.2056943100587515e-06,0.0222222222222222,False,5390650000000,36.49484536082475,57.61904761904761,92.16255442670538,89.14285714285714,66200,137763275650.0
036800,나이스정보통신,KOSDAQ,91,1.4768199783463367,0.06666666666666671,False,383565000000,40.397350993377486,76.2993762993763,66.60117878192536,85.96491228070175,8480,1095543009.5
037460,삼지전자,KOSDAQ,91,-0.45941342015198,-0.04444444444444445,False,542590856500,-1.9174041297935096,16.25874125874125,126.34445200816882,169.88636363636363,33250,1507526265.0
031330,에스에이엠티,KOSDAQ,91,-0.7437193531087891,-0.033333333333333326,False,884956342950,-20.306859205776174,73.47740667976423,122.41813602015115,152.28571428571428,8830,3218076601.5
053260,금강철강,KOSDAQ,91,0.5885152287050411,-0.06666666666666665,False,133473600000,45.875251509054316,63.2882882882883,83.31226295828064,68.997668997669,7250,31004192243.5
456010,아이씨티케이,KOSDAQ,91,-0.06818310699559658,0.011111111111111127,False,361108515000,54.54545454545454,81.2366737739872,49.82373678025851,66.34050880626224,25500,23642928662.0
033160,엠케이전자,KOSDAQ,91,-0.4824545595643928,-0.11111111111111116,False,490052957100,24.921923797626476,10.497237569060779,135.8490566037736,109.86358866736623,20000,14430819367.5
006400,삼성SDI,KOSPI,91,-0.00046046423171175097,-0.08888888888888885,False,42629745370000,13.155080213903748,20.638540478905366,101.52380952380953,156.17433414043583,529000,179030515900.0
077360,덕산하이메탈,KOSDAQ,91,-0.05061020927632027,-0.06666666666666665,False,638389878100,31.255813953488378,29.330889092575617,121.50706436420724,91.19241192411924,14110,11103297444.5
084370,유진테크,KOSDAQ,91,-0.008676978822802373,0.011111111111111127,False,4051556225600,4.545454545454541,49.74958263772955,109.57943925233647,132.38341968911917,179400,25764789920.0
115440,우리넷,KOSDAQ,91,-0.016703424203723928,-0.08888888888888885,False,133525392040,70.56396148555709,10.222222222222221,66.44295302013423,82.62150220913107,12400,28872748344.5
161890,한국콜마,KOSPI,91,4.90784814350141,0.0444444444444444,False,3224453518200,16.383701188455003,80.15768725361367,109.6330275229358,77.36093143596379,137100,42557039880.0
203650,드림시큐리티,KOSDAQ,91,-0.06617083957325628,-0.055555555555555525,False,289349256980,34.80278422273781,82.36032642812303,74.47447447447448,71.184443134944,2905,24292573759.0
042700,한미반도체,KOSPI,91,-0.13591671143476525,0.0444444444444444,False,25924918400000,16.98924731182796,4.615384615384621,88.23529411764706,170.37773359840952,272000,162694244750.0
382800,지앤비에스 에코,KOSDAQ,91,-0.06072540775108811,-0.03333333333333327,False,203718662400,30.513595166163142,12.305025996533804,130.1953818827709,92.5705794947994,6480,5275969801.0
008930,한미사이언스,KOSPI,90,5.364715416784552,0.2,False,3782052715000,72.9559748427673,46.27659574468086,50.68493150684932,44.356955380577425,55000,14897443547.5
052710,아모텍,KOSDAQ,90,-0.2959537254529503,-0.06666666666666665,False,386692560000,10.508867020996693,51.296829971181545,126.14688778806804,87.73466833541927,21000,19627880283.5
094840,슈프리마에이치큐,KOSDAQ,90,0.44673099818497874,0.04444444444444445,False,130421249700,7.866991078669905,71.17117117117118,95.01466275659824,101.51515151515152,13300,253770102.0
059090,미코,KOSDAQ,90,4.124869603033254e-05,0.0222222222222222,False,798660994200,39.00174114915844,82.12927756653991,74.435542607429,48.85021752641392,23950,8275818783.5
020150,롯데에너지머티리얼즈,KOSPI,90,-0.143835447199127,-0.0444444444444444,False,2660165520400,28.55345911949685,26.328800988875155,70.33333333333334,128.6353467561521,51100,13526147837.5
354320,알멕,KOSDAQ,90,-0.16245795723504688,-0.11111111111111116,False,279303349700,39.936102236421725,-23.958333333333336,116.83168316831684,109.06921241050118,43800,6621418895.0
452260,한화갤러리아,KOSPI,90,-0.0019812646226732493,0.09999999999999998,False,503065687950,23.33333333333334,7.468879668049788,96.21212121212122,131.25,2590,5824222049.25
059120,아진엑스텍,KOSDAQ,90,0.00024882959433920643,-0.07777777777777778,False,145748125360,48.68913857677904,18.862275449101794,67.43989877688739,97.16910851750681,7940,6696303263.5
307180,아이엘,KOSDAQ,90,-0.032179484869688316,-0.1333333333333333,False,213372607280,23.952738990332968,14.257425742574249,87.03403565640195,126.7190569744597,5770,1432173083.0
095340,ISC,KOSDAQ,90,-0.0013123178349425803,0.03333333333333327,False,4366593948000,25.748502994011968,-11.392405063291145,75.0,159.25925925925927,210000,31945983785.0
036710,심텍홀딩스,KOSDAQ,90,-0.034836105050565384,0.04444444444444445,False,262025659840,25.249999999999993,111.83932346723044,79.89228007181327,31.496062992125996,5010,1512085754.75
005320,온타이드,KOSPI,90,0.010872155813749895,0.011111111111111072,False,48444176365,71.96601941747574,38.921568627450974,55.03282275711159,34.695817490494306,1417,266352323.45
049080,기가레인,KOSDAQ,90,-0.016186365593814346,-0.2,False,82082189780,76.82481751824817,-52.6161369193154,65.64102564102565,104.86257928118393,9690,7454685854.5
091580,상신이디피,KOSDAQ,90,0.07458042177538238,-0.14444444444444443,False,297219283700,42.630241423125796,-0.6637168141592875,90.57724957555178,96.06986899563319,22450,5945781547.5
014990,인디에프,KOSPI,89,2.0100864688486886,0.0222222222222222,False,60691299960,149.84615384615384,11.845730027548207,-9.375,-31.128074639525018,4060,2412714550.5
012210,삼미금속,KOSDAQ,89,0.021988377196343632,-0.0222222222222222,False,276157916420,66.94560669456067,-13.323678493845037,36.17747440273038,113.36898395721926,11970,68039264292.0
229640,LS에코에너지,KOSPI,89,-0.0542114247432747,-0.1555555555555555,False,2033491965600,27.18631178707225,52.56556442417333,87.13286713286715,71.7586649550706,66900,14412309747.5
131970,두산테스나,KOSDAQ,89,-0.41354136335552094,-0.14444444444444443,False,2066081742200,1.3953488372093092,15.100316789862722,101.47874306839188,144.94382022471913,109000,31462444330.0
064850,에프앤가이드,KOSDAQ,89,-0.43850507953901224,-0.011111111111111127,False,240187488600,-20.93457943925233,11.433087460484725,143.38319907940163,144.5086705202312,21150,685988165.5
126730,코칩,KOSDAQ,89,1.567797035029677e-05,-0.0222222222222222,False,208728998800,51.70670037926675,40.597539543058005,61.725067385444746,49.439601494396015,24000,15657170200.0
062040,산일전기,KOSPI,89,-0.08283606441134063,-0.04444444444444445,False,6955926950000,2.714932126696823,69.91017964071857,64.73149492017416,113.54656632173095,227000,57836010120.0
085620,미래에셋생명,KOSPI,89,1.2877307713519882e-05,0.0444444444444444,False,2636010000000,-4.975609756097565,16.159809183064986,107.89754535752402,139.31203931203933,19480,2441952352.0
240810,원익IPS,KOSDAQ,89,-0.021589989948345885,-0.0222222222222222,False,6783395118200,4.733283245679942,22.819383259911884,74.25,145.85537918871253,139400,140566730920.0
089890,코세스,KOSDAQ,89,-0.1869017817016897,-0.0222222222222222,False,606180361100,14.263322884012531,61.28318584070796,59.170305676855904,101.82724252491693,36450,5617415197.5
475150,SK이터닉스,KOSPI,89,0.301736904122781,-0.033333333333333326,False,1693130098800,4.293193717277477,-26.97947214076246,144.11764705882354,123.8202247191011,49800,44085203920.0
340450,지씨지놈,KOSDAQ,89,0.3517533529804778,-0.033333333333333326,False,210019041840,86.25,20.647773279352233,33.83233532934131,21.964529331514314,8940,3230119056.5
005090,SGC에너지,KOSPI,89,0.09139157612070684,-0.0888888888888889,False,687325184100,18.60174781523096,-16.373239436619713,121.96261682242992,105.62770562770565,47500,6147581400.0
228340,동양파일,KOSDAQ,89,2.477036352224579,-0.1444444444444445,False,67400000000,4.006163328197232,71.31979695431471,77.07240293809024,91.10985277463193,3375,10139083287.0
001450,현대해상,KOSPI,89,1.666060191211851,0.03333333333333327,False,4070603937500,29.836512261580374,59.36454849498327,55.97381342062193,71.09515260323161,47650,21539386137.5
192820,코스맥스,KOSPI,88,4.993353733989509,-0.09999999999999998,False,3064367430000,61.021984551396315,43.159006867406234,52.24719101123596,27.830188679245293,271000,27022541625.0
064760,티씨케이,KOSDAQ,88,-6.45185333554079e-05,-0.06666666666666671,False,3309107136000,21.63265306122448,40.23529411764706,103.96988364134154,57.25593667546174,298000,18990584475.0
356860,티엘비,KOSDAQ,88,-0.07311510662256818,-0.0444444444444444,False,1148326047000,30.172137282155465,55.94479490217425,73.42069653158607,53.598687945499265,48700,26913544547.5
029460,케이씨,KOSPI,88,0.7155875336907229,0.011111111111111127,False,484903540000,40.894568690095845,47.0,66.10169491525424,48.235294117647065,44100,1467998640.0
096770,SK이노베이션,KOSPI,88,0.9553362229979527,-0.06666666666666665,False,26034129352000,59.26315789473684,28.003384094754647,51.45145145145145,44.23260247855101,151300,146987521525.0
217190,제너셈,KOSDAQ,88,0.25189074788505994,0.0222222222222222,False,108650065860,48.74100719424461,55.74387947269304,56.9259962049336,30.93730208993033,8270,1733468754.0
093520,매커스,KOSDAQ,88,1.3642531553348958,0.06666666666666665,False,351104191500,70.78071182548796,31.92904656319291,33.10961968680088,33.40807174887892,29750,479131232.5
170920,엘티씨,KOSDAQ,88,-0.26321663564219705,-0.0222222222222222,False,459011274700,-19.316081330868762,45.50000000000001,113.97058823529412,117.16417910447761,43650,7418772830.0
005160,동국산업,KOSDAQ,88,0.3082718113153741,0.0,False,215350593540,69.08315565031984,19.9697428139183,46.851851851851855,30.85808580858085,3965,10234871093.25
004310,현대약품,KOSPI,88,0.40016536780254297,-0.0222222222222222,False,266880000000,62.7906976744186,-2.8901734104046284,-7.182320441988955,117.05426356589146,8400,81915266464.5
228850,레이언스,KOSDAQ,88,0.26336446241729816,-0.06666666666666671,False,142848630540,38.67313915857604,42.35880398671097,66.08527131782947,46.74657534246576,8570,577031931.0
044820,코스맥스비티아이,KOSPI,88,1.901892079641217,0.011111111111111072,False,238177240800,28.27090815802975,55.08684863523574,79.98560115190784,40.68655036578504,25000,654416120.0
103590,일진전기,KOSPI,88,-0.03947394004595901,-0.011111111111111127,False,4110480618000,14.209827357237724,21.126760563380277,48.02065404475042,133.3785617367707,86000,29550510525.0
122640,예스티,KOSDAQ,88,-6.517443432041625e-07,-0.011111111111111127,False,723154255000,-1.3119533527696792,78.7222808870116,82.47978436657681,70.10050251256281,33850,11229671790.0
232830,아이티센피엔에스,KOSDAQ,88,-0.003392373608118384,-0.09999999999999998,False,49518509370,87.1875,13.66223908918407,24.27385892116183,15.63706563706564,2995,3493403286.9
437730,삼현,KOSDAQ,87,-0.007318692468454641,-0.04444444444444445,False,1642451970600,49.070100143061524,-1.5122873345935761,-6.463195691202872,136.8181818181818,52100,27262575652.5
241710,코스메카코리아,KOSDAQ,87,7.90808858087855,0.0,False,1174800000000,34.67153284671534,44.328552803129085,58.14285714285714,53.32409972299168,110700,15036106630.0
163730,핑거,KOSDAQ,87,-0.11157143323233074,-0.05555555555555558,False,188677297260,45.36585365853658,60.04296455424274,45.5078125,26.700680272108833,14900,1831542024.5
425040,티이엠씨,KOSDAQ,87,-0.293433624521165,0.011111111111111127,False,326431951220,44.52054794520548,12.404870624048714,76.67464114832536,43.39805825242718,14770,13836288859.0
048770,TPC로보틱스,KOSDAQ,87,-0.017940537495656907,-0.15555555555555556,False,64754212875,28.992248062015502,37.97678275290215,30.000000000000004,91.26436781609195,4160,7156551447.5
108490,로보티즈,KOSDAQ,87,-7.020277588011759e-08,-0.0444444444444444,False,4561445708000,37.142857142857146,26.82926829268293,15.76994434137291,98.9795918367347,312000,129397212550.0
452190,한빛레이저,KOSDAQ,87,-0.008971427241864933,0.011111111111111127,False,147350631120,57.14285714285714,51.91122071516645,26.48870636550309,22.954091816367274,6160,22174211112.25
000150,두산,KOSPI,87,-0.20342394512436057,-0.011111111111111127,False,21715932735000,-6.629448709002094,24.92997198879552,75.36041939711664,124.87394957983193,1338000,120902309650.0
096530,씨젠,KOSDAQ,87,0.21277966793505698,-0.0222222222222222,False,1724499433800,25.2129471890971,64.42953020134227,50.306748466257666,45.83333333333333,36750,9191466432.5
375500,DL이앤씨,KOSPI,87,0.04933417982149051,0.033333333333333326,False,2902021725000,17.91277258566979,0.9333333333333416,89.72431077694236,83.7378640776699,75700,36651844295.0
006360,GS건설,KOSPI,87,0.6921342263414988,0.0222222222222222,False,2828468244500,16.112084063047295,21.65137614678898,76.1424017003188,79.86977753662508,33150,58266286105.0
183300,코미코,KOSDAQ,87,-0.2515421731732438,-0.011111111111111072,False,1748919513750,9.2367695088309,48.325152845948516,78.05457928468059,64.68282422677949,34450,16786260917.5
222040,코스맥스엔비티,KOSDAQ,87,0.08054636506635025,-0.09999999999999998,False,130987800000,-3.92749244712991,61.832061068702295,79.66101694915255,75.20661157024793,6360,1893578693.5
094800,맵스리얼티,KOSPI,87,1.7446971941849891,0.08888888888888885,False,730606184970,45.4713493530499,12.428571428571434,54.313725490196084,50.766283524904225,7870,1067969994.0
172670,에이엘티,KOSDAQ,86,-0.0031890703763877734,-0.12222222222222223,False,134403885000,56.88559322033899,39.45386064030132,13.139801375095495,38.41121495327102,14810,943193640.0
098460,고영,KOSDAQ,86,-0.07699898255954615,-0.03333333333333327,False,2325763663300,14.451827242524917,30.245746691871457,26.887661141804784,117.76232616940581,34450,37520503582.5
019210,와이지-원,KOSDAQ,86,-0.21363770895695722,-0.11111111111111116,False,479055216640,-43.00884955752212,-9.93006993006993,148.16955684007706,151.07212475633526,12880,6580748091.5
089790,제이티,KOSDAQ,86,0.00485429236377631,-0.07777777777777778,False,69423402490,50.99778270509978,31.46718146718146,43.36842105263159,26.345083487940624,6810,839192036.0
295310,에이치브이엠,KOSDAQ,86,-0.24433535757492403,-0.04444444444444445,False,872365712400,21.42857142857142,-20.4337899543379,3.874813710879277,176.58730158730157,69700,10156031892.5
028670,팬오션,KOSPI,86,0.2855340273758108,0.011111111111111127,False,3335713754880,26.774847870182562,18.8212927756654,64.69038208168642,65.12549537648613,6250,17681807201.5
049430,코메론,KOSDAQ,86,0.6885678223420958,-0.0222222222222222,False,200413200000,10.945273631840791,3.7209302325581506,71.53846153846153,104.77502295684116,22300,786399680.0
041830,인바디,KOSDAQ,86,0.6503777392478016,-0.21111111111111108,False,702353952200,-3.518518518518521,83.77425044091711,59.57120980091884,64.09448818897638,52100,4111559170.0
413630,씨피시스템,KOSDAQ,86,2.368386809929705,-0.06666666666666665,False,151029727725,69.51219512195121,16.97054698457223,-7.947019867549665,51.63636363636363,4170,14709408179.75
028050,삼성E&A,KOSPI,86,5.947316712941952e-05,0.011111111111111127,False,9359000000000,-0.519750519750517,18.002466091245385,105.80645161290323,76.24309392265194,47850,88736736002.5
042510,라온시큐어,KOSDAQ,86,0.05574283489422978,-0.08888888888888885,False,127050672320,61.91780821917807,36.80555555555556,26.282051282051277,10.364145658263313,11820,16425239397.5
129920,대성하이텍,KOSDAQ,86,-0.001944586845117717,-0.18888888888888888,False,114878280720,44.466800804828964,-49.507735583684955,78.38509316770185,78.8293897882939,7180,961849074.0
263860,지니언스,KOSDAQ,86,0.41604753953151524,0.0,False,185223840000,67.98418972332017,63.21044546850998,10.103626943005173,-12.909836065573765,21250,8204142246.5
017890,한국알콜,KOSDAQ,86,0.973287416289257,0.12222222222222223,False,326021189620,15.508412582297005,47.985004686035616,50.23786869647955,64.99477533960291,15790,1026468011.5
105740,디케이락,KOSDAQ,86,0.24853719059020646,0.0,False,111853643000,67.57532281205165,17.50503018108651,19.917864476386036,21.036269430051814,11680,3211034995.0
212560,네오오토,KOSDAQ,85,-0.0020810292051171323,-0.11111111111111116,False,152260868920,18.448637316561857,51.06951871657755,-1.7391304347826098,106.95970695970698,11300,4252971439.0
121440,골프존홀딩스,KOSDAQ,85,4.36320334234852,-0.18888888888888894,False,334127180400,15.512048192771077,58.634953464322635,58.4710743801653,44.44444444444444,7670,405655172.0
088350,한화생명,KOSPI,85,0.23397188978627334,-0.05555555555555558,False,4629264900000,19.01565995525727,19.01565995525727,63.69230769230769,68.35443037974684,5320,25613740027.5
241770,메카로,KOSDAQ,85,-0.00030961455005555676,-0.011111111111111072,False,416878976000,5.997392438070404,6.97368421052631,70.08368200836821,98.77750611246945,40650,777321455.0
011560,세보엠이씨,KOSDAQ,85,0.012352080665005895,-0.0444444444444444,False,246070876800,-5.009633911368017,35.439560439560445,76.19728377412439,84.64419475655431,24650,1527804942.5
005430,한국공항,KOSPI,85,0.009179855348261674,0.0222222222222222,False,309036248000,9.04017857142858,68.73920552677029,52.41809672386894,46.0388639760837,97700,516591215.0
067170,오텍,KOSDAQ,85,-0.03021015223147637,-0.033333333333333326,False,78143862515,17.418032786885252,58.19988956377693,51.989389920424415,39.07766990291262,2865,1101113745.25
053800,안랩,KOSDAQ,85,0.13522148555636263,0.04444444444444445,False,856740962000,45.45454545454546,31.323283082077058,29.801324503311257,29.586776859504127,78400,5586881310.0
030530,원익홀딩스,KOSDAQ,85,-0.0020287075696981067,-0.15555555555555556,False,2255349045200,54.31125131440589,9.310986964618252,-38.40503672612802,100.06816632583502,29350,73442132642.0
086670,비엠티,KOSDAQ,85,0.2819875892747048,-0.06666666666666665,False,187996261900,20.625798212005098,25.849433710859437,54.8360655737705,57.41666666666667,18890,905774262.0
357780,솔브레인,KOSDAQ,85,-0.006295430392263692,0.05555555555555558,False,3266997720000,32.248062015503876,13.280212483399744,52.867383512544805,48.347826086956516,426500,11843698400.0
360350,코셈,KOSDAQ,85,-0.20427875729211853,-0.09999999999999998,False,59817670000,56.6951566951567,-34.64052287581699,58.73015873015872,41.38817480719794,11000,551301019.5
046890,서울반도체,KOSDAQ,85,-0.20863424881775713,-0.0222222222222222,False,634945806000,6.731707317073177,22.92134831460675,71.47335423197492,70.13996889580095,10940,2665070279.5
218410,RFHIC,KOSDAQ,85,-0.31059438350369406,-0.0222222222222222,False,1647677404000,7.61245674740485,-30.112359550561795,77.4607703281027,115.2249134948097,62200,32787211795.0
078600,대주전자재료,KOSDAQ,85,-0.20276543201183955,0.06666666666666665,False,1700758145400,22.134831460674164,-10.239471511147812,78.19672131147541,64.6969696969697,108700,12275953975.0
265740,엔에프씨,KOSDAQ,84,1.5535167880200444,-0.07777777777777778,False,132369276000,39.99999999999999,1.5047879616963078,68.82821387940842,26.190476190476186,7420,4281932986.0
024850,HLB이노베이션,KOSDAQ,84,0.0154849758647752,0.05555555555555558,False,562656127590,35.726072607260726,-28.787878787878785,61.274509803921575,71.80156657963445,16450,5944160440.5
355150,코스텍시스,KOSDAQ,84,-0.3564501706016705,-0.03333333333333327,False,181678255000,5.58035714285714,-5.400000000000005,72.62773722627738,97.24770642201834,23650,2371247693.5
105330,케이엔더블유,KOSDAQ,84,-0.07912156364716419,0.13333333333333336,False,141772752000,19.784656796769863,13.23155216284988,58.928571428571416,61.81818181818181,8900,283849748.5
187870,디바이스,KOSDAQ,84,-0.6435348786700293,-0.06666666666666665,False,178413875640,-6.435285610990604,19.394722273482202,74.58175930922827,92.21628045157458,12940,977814716.0
073240,금호타이어,KOSPI,84,2.431191061738733,-0.04444444444444445,False,1973478171690,45.35864978902953,16.582064297800336,19.618055555555557,46.28450106157111,6890,10037060809.5
005950,이수화학,KOSPI,84,-0.16061016507866452,-0.04444444444444445,False,302908826880,-18.130311614730875,47.82608695652173,41.320293398533,120.19047619047618,11560,3606114444.5
303360,프로티아,KOSDAQ,84,1.2162288403200365,0.0222222222222222,False,76376709950,53.341740226986126,35.71428571428572,0.49586776859504855,30.053475935828878,6080,342839597.5
330860,네패스아크,KOSDAQ,84,-0.49875084293886357,-0.0888888888888889,False,392935451250,-3.2496307237813937,25.239005736137663,81.33997785160577,72.55005268703898,32750,5661520680.0
008060,대덕,KOSPI,84,-0.27233211373157257,-0.08888888888888885,False,503722277800,0.5624999999999991,29.549114331723025,61.222444889779545,80.38116591928251,16090,1191241252.5
004100,태양금속,KOSPI,84,0.0011135299931806677,0.04444444444444445,False,120009000000,32.857142857142854,11.663807890222987,40.604751619870406,53.53773584905661,3255,1171787073.75
189860,서전기전,KOSDAQ,84,-0.0016745610341661703,-0.14444444444444443,False,49463778000,19.580419580419584,-3.7523452157598447,62.085308056872044,73.6040609137056,5130,3800002777.75
171090,선익시스템,KOSDAQ,84,-0.0002256631595712289,-0.0444444444444444,False,770712338600,34.92063492063493,-9.25266903914591,44.339622641509436,65.94360086767897,76500,3134324330.0
242040,나무AX,KOSDAQ,84,-0.7514917379461533,0.0,False,114200671200,-29.86184909670563,-43.103448275862064,141.4045354791514,130.76923076923075,3300,878762897.5
236200,슈프리마,KOSDAQ,83,0.8860849170610905,-0.07777777777777783,False,382192242800,21.132897603485844,24.384787472035786,39.69849246231156,61.863173216885016,55600,1258283170.0
073490,LIG아큐버,KOSDAQ,83,-0.018970120392558014,-0.0222222222222222,False,267655379200,38.582677165354326,-20.89887640449438,43.08943089430895,68.82494004796162,35200,1578907860.0
253590,네오셈,KOSDAQ,83,-0.008255915396393145,-0.06666666666666665,False,683481575120,46.29107981220657,6.275579809004084,39.48075201432408,29.187396351575458,15580,11223298932.5
377450,리파인,KOSDAQ,83,4.633649356167092,0.055555555555555525,False,250938400000,58.48849945235488,30.47790802524797,13.401253918495293,5.466472303207004,14470,1962276512.0
125020,티씨머티리얼즈,KOSDAQ,83,-0.02800981748179684,-0.11111111111111116,False,217589395500,14.889705882352944,33.832976445396135,49.88009592326139,49.88009592326139,6250,5016789169.5
289080,SV인베스트먼트,KOSDAQ,83,0.005844682150536548,-0.06666666666666665,False,165981523080,41.5478615071283,-25.268817204301076,61.25290023201857,44.04145077720207,2780,5807025428.5
088280,쏘닉스,KOSDAQ,83,-0.1987579486745293,-0.13333333333333336,False,55899962700,19.561243144424132,-20.34104750304506,95.10739856801908,46.63677130044843,3270,407317772.75
076610,해성옵틱스,KOSDAQ,83,-0.034740906687503285,-0.3666666666666667,False,69685651464,7.844990548204156,-20.487804878048777,65.3623188405797,98.43478260869564,1141,875386604.45
244920,에이플러스에셋,KOSPI,83,1.3403035118582218,0.09999999999999998,False,275813854600,18.331716779825413,14.446529080675429,31.8918918918919,75.03586800573888,12200,373547191.0
079940,가비아,KOSDAQ,83,1.2244300210967989,-0.033333333333333326,False,527432881200,24.28571428571429,45.269016697588114,18.81638846737481,41.847826086956516,39150,3944245582.5
474610,RF시스템즈,KOSDAQ,83,-0.07775365683397814,-0.06666666666666671,False,125556566200,22.332859174964437,-29.218106995884774,69.29133858267717,69.29133858267717,8600,677609551.0
041960,코미팜,KOSDAQ,83,0.7181241410364382,-0.0222222222222222,False,737227825880,25.18987341772152,21.948212083847096,31.341301460823367,50.075872534142654,9890,2310577567.0
035610,솔본,KOSDAQ,83,2.7726265357717033,0.09999999999999998,False,133858655315,28.30930537352556,43.5483870967742,33.92612859097128,18.955042527338996,4895,311671248.5
323350,다원넥스뷰,KOSDAQ,83,-0.4277631950692048,-0.24444444444444446,False,81309335800,5.747126436781613,-8.581752484191508,92.39543726235742,57.38724727838258,10120,695120275.0
457370,한켐,KOSDAQ,83,-0.048132588142317,-0.05555555555555558,False,88254445960,28.53801169590644,41.62371134020619,43.28552803129075,8.489634748272469,10990,24692629913.0
417310,코람코더원리츠,KOSPI,82,0.5616509859119624,0.03333333333333338,False,95950000000,13.30166270783848,18.362282878411907,28.77969762419006,74.98165810711666,2385,317535496.0
314130,지놈앤컴퍼니,KOSDAQ,82,-0.15878419066571672,0.06666666666666671,False,287646837500,47.606382978723396,-23.448275862068968,-27.922077922077925,104.79704797047971,5550,2442440190.75
457190,이수스페셜티케미컬,KOSPI,82,-0.1348693362233227,-0.09999999999999998,False,2450750519200,20.087976539589448,-11.363636363636365,45.989304812834234,73.70095440084836,81900,14562004760.0
000720,현대건설,KOSPI,82,-0.005241911926278664,-0.09999999999999998,False,12739099516000,-0.5203816131829964,-24.090006618133685,66.23188405797103,106.66666666666669,114700,90019998725.0
234340,헥토파이낸셜,KOSDAQ,82,-0.0015032701028009961,-0.11111111111111116,False,331803080000,28.832705755782673,4.130434782608705,45.239539114614914,39.97662185856223,23950,14927772514.5
045100,한양이엔지,KOSDAQ,82,-7.962473571659283e-05,-0.0222222222222222,False,606375000000,0.1436781609195359,20.58823529411764,54.20353982300885,71.25307125307125,34850,2581207127.5
056190,SFA,KOSDAQ,82,0.0004592445529130453,0.0222222222222222,False,1114966998000,34.63203463203464,16.26168224299065,28.778467908902684,31.779661016949156,31100,3938292392.5
032830,삼성생명,KOSPI,82,-0.43929000988949435,-0.08888888888888885,False,57800000000000,-24.804177545691907,30.316742081447966,84.26103646833015,81.01822752985544,288000,86584202275.0
368770,파이버프로,KOSDAQ,82,-0.17503623789902448,-0.07777777777777778,False,478357516000,8.07635829662261,-36.0,14.999999999999991,149.9151103565365,14720,2296225876.0
149950,아바텍,KOSDAQ,82,-0.16546677638970647,0.04444444444444445,False,170026225320,30.371900826446275,26.706827309236946,27.474747474747474,29.969104016477853,12620,2269775056.0
092730,네오팜,KOSDAQ,82,1.571809446432,-0.09999999999999998,False,370246545900,25.605164066702525,34.89312536106297,22.959452343338604,35.04916136495084,23350,1320288082.5
100120,뷰웍스,KOSDAQ,82,0.009865936058427236,-0.055555555555555525,False,257928066250,21.35306553911205,12.549019607843137,45.759268664296606,42.7860696517413,28700,385463802.5
017670,SK텔레콤,KOSPI,82,-0.05743484508581065,-0.16666666666666663,False,18987440685200,2.546296296296302,9.517923362175518,66.22889305816135,62.86764705882353,88600,67100867390.0
293780,압타바이오,KOSDAQ,82,0.6199436612333873,0.011111111111111072,False,219128559000,74.7787610619469,13.669064748201443,-15.688367129135539,-3.8929440389294356,7900,333783382.5
006120,SK디스커버리,KOSPI,81,0.6465341412749882,-0.0222222222222222,False,1180652317800,38.10010214504595,31.00775193798451,11.735537190082646,24.264705882352942,67600,1719433975.0
012030,DB,KOSPI,81,-0.11597903290975664,-0.011111111111111127,False,409388953655,27.767235926628707,22.424242424242415,33.509583608724384,30.238555770470654,2020,1861524734.0
003550,LG,KOSPI,81,5.099182019211169e-07,-0.11111111111111105,False,16797431644400,10.187932739861516,28.78612716763005,37.53086419753087,54.72222222222223,111400,29928591495.0
489460,바이오비쥬,KOSDAQ,81,7.158766143858451,0.13333333333333336,False,170105399110,70.66666666666667,43.46201743462017,-15.480557593543654,-29.194837123540264,11520,754407028.5
054920,한컴위드,KOSDAQ,81,0.0003509839891775195,-0.1777777777777778,False,140097807165,58.293838862559234,4.592901878914413,4.592901878914413,14.123006833712992,5010,11940918297.25
147760,피엠티,KOSDAQ,81,-0.49579532274179333,-0.22222222222222227,False,79400000000,-11.23595505617978,48.88805126272145,65.75744859420898,46.840148698884754,3950,554453532.0
013700,까뮤이앤씨,KOSPI,81,1.780547644973655,0.0222222222222222,False,93749052270,23.06501547987616,18.30357142857142,31.950207468879665,42.60089686098654,1590,273774743.25
141000,비아트론,KOSDAQ,81,0.003468724277538285,0.06666666666666665,False,133867545500,24.249165739710786,10.37549407114624,53.22359396433471,26.787741203178218,11170,465178029.5
005830,DB손해보험,KOSPI,81,1.4752934133079227,-0.05555555555555558,False,11973463797200,24.318801089918264,12.65432098765431,42.80125195618154,34.68634686346863,182500,40156265980.0
452430,사피엔반도체,KOSDAQ,81,-0.005307053117613119,-0.12222222222222223,False,312054913800,35.90664272890485,26.377295492487484,6.469760900140642,33.98230088495575,37850,2226214515.0
393890,더블유씨피,KOSDAQ,81,-0.12292391924551978,-0.04444444444444445,False,365844386640,8.617234468937873,-24.826629680998614,78.5831960461285,67.02619414483821,10840,2336416703.0
246960,SCL사이언스,KOSDAQ,81,1.5036628085452846,0.04444444444444445,False,89124663140,54.502648616833426,15.638766519823788,13.390928725701933,-1.3157894736842146,2625,361367978.75
005960,동부건설,KOSPI,81,0.6715445221549937,-0.033333333333333326,False,194587702240,18.73239436619718,2.93040293040292,50.535714285714285,45.5958549222798,8430,458269347.5
125490,한라캐스트,KOSDAQ,81,-0.0002025546681630062,-0.1333333333333333,False,480735975840,51.609195402298845,-5.7183702644746255,-33.04568527918782,71.2987012987013,13190,24149437278.5
424980,마이크로투나노,KOSDAQ,81,-0.011182308207696329,-0.09999999999999998,False,62089156100,55.49132947976878,-9.044801352493659,23.678160919540225,9.238578680203036,10760,349808191.0
251970,펌텍코리아,KOSDAQ,80,4.925254355607825,-0.0222222222222222,False,750200000000,41.627906976744185,33.69923161361142,10.92896174863387,4.6391752577319645,60900,5500126840.0
101160,월덱스,KOSDAQ,80,0.30388278047893824,-0.06666666666666671,False,544862769000,14.930555555555557,18.63799283154122,49.09909909909911,34.55284552845528,33100,1386519167.5
092230,KPX홀딩스,KOSPI,80,0.6603613245124674,-0.0888888888888889,False,379480544900,16.887816646562115,18.75,34.95821727019499,44.411326378539485,96900,182606910.0
000370,한화손해보험,KOSPI,80,0.602377875973598,-0.04444444444444445,False,855696246950,25.510204081632647,16.403785488959,34.18181818181818,29.246935201401048,7380,5568761388.5
263600,덕우전자,KOSDAQ,80,-0.05926028944543704,-0.1444444444444445,False,84271339900,50.072150072150066,1.1673151750972721,10.63829787234043,18.586088939566704,5200,1905394264.5
001430,세아베스틸지주,KOSPI,80,-0.00031976851319963666,-0.06666666666666665,False,1672967851350,46.10591900311527,-30.312035661218427,-16.10017889087657,84.28290766208251,46900,6016593775.0
032500,케이엠더블유,KOSDAQ,80,-0.3501689553002022,-0.11111111111111116,False,890244891100,22.377622377622373,-26.315789473684216,32.827324478178376,77.96610169491525,21000,5073657090.5
001440,대한전선,KOSPI,80,-0.31114611442572276,-0.1777777777777778,False,6173766774000,-4.255319148936165,7.8767123287671215,32.35294117647059,97.36842105263158,31500,80860132647.5
340810,시선AI,KOSDAQ,80,1.9113350988794213,-0.033333333333333326,False,48334955130,39.393939393939405,33.98058252427185,19.584055459272086,-3.4965034965035002,3450,1347973805.5
078340,컴투스,KOSDAQ,80,1.5965542841655203,-0.10000000000000003,False,453424237500,43.78585086042066,12.574850299401197,25.542570951585986,3.013698630136985,37600,3927963162.5
389500,에스비비테크,KOSDAQ,80,-0.23082137884913964,-0.1333333333333333,False,295524983200,14.929214929214929,-6.8821689259645495,21.66212534059946,83.7448559670782,44650,4692555395.0
068930,디지털대성,KOSDAQ,80,0.5234005130905534,-0.033333333333333326,False,256550420340,30.083565459610018,17.042606516290725,22.894736842105257,28.12071330589849,9340,880864195.5
012860,모베이스전자,KOSDAQ,80,-0.37730957646922963,-0.09999999999999998,False,179055802365,-2.352941176470591,-30.929264909847433,75.35211267605635,87.21804511278195,2490,849894836.75
195870,해성디에스,KOSPI,80,-0.32241473631509376,-0.0222222222222222,False,1110100000000,7.907742998352552,24.52471482889733,19.525547445255476,66.66666666666667,65500,9644668100.0
298040,효성중공업,KOSPI,80,-0.20690896049859425,-0.08888888888888885,False,25968866180000,-16.039723141739394,8.984375,51.21951219512195,97.59206798866855,2790000,96238595150.0
090360,로보스타,KOSDAQ,79,-0.12447142477728482,-0.11111111111111116,False,773175000000,0.8883248730964466,37.78162911611784,-0.3759398496240629,85.96491228070175,79500,8868707775.0
018260,삼성에스디에스,KOSPI,79,-9.436329833026959e-05,0.0222222222222222,False,16984427100000,12.077789150460582,43.88961892247043,25.071387778412337,31.373725254949015,219000,32574316075.0
052260,현대바이오랜드,KOSDAQ,79,0.24692410162860912,0.022222222222222254,False,150000000000,41.24293785310735,21.95121951219512,15.340253748558252,4.384133611691032,5000,10131279739.0
217590,티엠씨,KOSPI,79,-0.23983474900086,-0.22222222222222227,True,444297509000,51.894563426688634,-9.828850855745719,20.130293159609124,9.958258795468101,18440,27923155730.5
013990,아가방컴퍼니,KOSDAQ,79,0.2247242351978441,-0.033333333333333326,False,170357436480,49.92679355783309,7.67613038906414,10.822510822510822,5.675954592363253,5120,329765722.75
166090,하나머티리얼즈,KOSDAQ,79,-0.1419985288858243,-0.09999999999999998,False,1247971229400,9.705372616984409,15.090909090909088,39.581036383682466,49.29245283018868,63300,8825226582.5
044450,KSS해운,KOSPI,79,0.13908625356367516,-0.03333333333333327,False,268898322750,27.807486631016044,5.5653710247349775,34.57207207207207,27.39872068230278,11950,1779299982.0
002360,SH에너지화학,KOSPI,79,-0.00014221386224165926,-0.05555555555555558,False,36951965225,87.11311198649409,-23.21016166281755,-10.618279569892476,-17.288557213930346,3325,663253077.7
036810,에프에스티,KOSDAQ,79,-0.0031180453966567884,-0.055555555555555525,False,772897467300,49.06054279749479,-3.513513513513511,12.618296529968465,15.198451113262346,35700,3934368125.0
053350,이니텍,KOSDAQ,79,5.975501228045416,0.16666666666666663,False,105480901350,56.12903225806451,50.544323483670304,7.55555555555556,-47.95698924731183,4840,329560227.75
004800,효성,KOSPI,79,-0.1173882063683407,-0.06666666666666671,False,2650006428100,-8.352668213457083,14.492753623188403,40.444444444444436,83.72093023255813,158000,3347020535.0
468530,프로티나,KOSDAQ,79,0.0053352310974927215,-0.0222222222222222,False,569694092400,90.96045197740112,-20.15748031496063,-50.049261083743836,9.859154929577475,50700,5648054155.0
003490,대한항공,KOSPI,79,0.12567783365239374,-0.06666666666666671,False,11267550635400,6.932409012131724,34.13043478260869,38.963963963963955,34.13043478260869,30850,84284245122.5
185490,아이진,KOSDAQ,79,0.8740335763939798,-0.0888888888888889,False,82914725712,43.81095273818454,32.20689655172413,11.974299065420556,-10.754189944134074,1917,189257886.8
047770,코데즈컴바인,KOSDAQ,78,0.26317998535095505,-0.09999999999999998,False,140017627400,28.645833333333325,-13.937282229965152,16.144200626959247,60.3896103896104,3705,5457191619.75
347700,스피어,KOSDAQ,78,-0.1690255276107544,-0.1777777777777778,False,1268163505200,-0.8032128514056214,-45.714285714285715,29.38711367207962,136.816874400767,24700,27143099892.5
307950,현대오토에버,KOSPI,78,-0.5961175616082417,-0.1333333333333333,False,10489673115000,-24.059405940594058,0.7884362680683266,15.686274509803933,150.1630789302022,383500,16394602600.0
201490,미투온,KOSDAQ,78,0.9420753623216896,-0.1333333333333333,False,111097049770,71.00650976464698,22.401433691756267,-9.17553191489362,-37.45421245421245,3415,33800646483.0
126340,비나텍,KOSDAQ,78,-0.3115414014106695,-0.06666666666666665,False,680703247200,12.440758293838861,-20.25210084033613,20.278833967046907,90.75760316790287,94900,12117576000.0
417500,제이아이테크,KOSDAQ,78,0.0908628255039233,-0.0888888888888889,False,140974399200,31.25948406676784,-2.699662542182224,29.87987987987988,25.180897250361788,4325,1241572518.75
178320,서진시스템,KOSDAQ,78,-0.6443820658809114,-0.05555555555555558,False,2644524793500,-17.77996070726916,-7.411504424778759,62.524271844660184,95.1048951048951,41850,40172585227.5
060370,LS마린솔루션,KOSDAQ,78,0.03335672865061064,-0.06666666666666665,False,1770897150600,24.17582417582418,12.99999999999999,14.915254237288146,38.367346938775505,33900,4347950597.5
082920,비츠로셀,KOSDAQ,78,-0.585454323907595,-0.19999999999999996,False,1336128519200,-19.729729729729726,-26.937269372693727,79.7820823244552,100.8656837549033,29700,9919599752.5
100790,미래에셋벤처투자,KOSDAQ,78,-0.4310920467738212,-0.1555555555555555,False,950858346200,-0.331308669243513,-34.244080145719494,32.818248712288444,116.1676646706587,18050,9197092828.5
035460,기산텔레콤,KOSDAQ,78,-0.04486842783376967,0.011111111111111127,False,39389697600,18.344519015659966,-8.793103448275863,36.55136809499226,49.014084507042256,2645,462450242.5
204610,티쓰리,KOSDAQ,78,0.5112156392275092,-0.0888888888888889,False,159934251400,-4.139072847682124,13.75245579567781,55.227882037533504,52.528977871443615,2895,297806583.5
092790,넥스틸,KOSPI,78,-0.006749818332533339,0.03333333333333327,False,366108160000,21.913043478260864,-6.0321715817694415,53.22404371584699,20.86206896551723,14020,19900143143.5
130580,나이스디앤비,KOSDAQ,78,0.3902786589641113,0.18888888888888883,False,105336000000,27.05667276051189,25.225225225225234,11.7363344051447,20.659722222222232,6950,183906366.0
036830,솔브레인홀딩스,KOSDAQ,78,-0.000994565115606335,-0.08888888888888885,False,1000594272800,33.74316939890711,2.4058577405857706,28.30930537352556,13.441483198145999,48950,2729111935.0
411080,샌즈랩,KOSDAQ,77,0.00010873547746989864,-0.13333333333333336,False,105346702200,60.83916083916083,14.427860696517403,-2.8169014084507005,-21.85730464326161,6900,12834243375.5
086790,하나금융지주,KOSPI,77,0.33575526207859685,0.05555555555555558,False,34982215381000,3.1847133757961776,18.140382862351867,38.75802997858673,46.60633484162895,129600,93371675665.0
446070,유니드비티플러스,KOSPI,77,3.062092683955679,0.10000000000000003,False,42922364675,22.948328267477216,35.73825503355705,17.75836972343523,9.918478260869556,4045,210218141.5
028260,삼성물산,KOSPI,77,-0.22857316048769216,-0.011111111111111127,False,56109983026000,-19.95386389850058,31.939163498098864,41.6326530612245,75.42972699696664,347000,116444729150.0
088130,동아엘텍,KOSDAQ,77,-0.10588053443859206,0.033333333333333326,False,100890261780,13.203883495145629,-16.951566951566953,52.81782437745741,45.3865336658354,5830,388386488.5
044490,태웅,KOSDAQ,77,0.012433806129953406,0.0,False,759280108950,28.547297297297302,-24.950690335305726,55.623721881390594,19.842519685039363,38050,10700861647.5
306200,세아제강,KOSPI,77,0.025785303374052083,0.0,False,438491980000,24.051654560129144,4.132791327913288,31.25533731853116,23.553054662379424,153700,2069111880.0
019010,베뉴지,KOSDAQ,77,-0.04163454429026151,-0.033333333333333326,False,214008000000,-15.784499054820412,-10.542168674698793,61.12115732368897,87.9746835443038,4455,1125402201.25
032940,원익,KOSDAQ,77,0.14080653757041106,0.0,False,169742378730,52.95081967213115,5.782312925170063,-32.14545454545454,26.93877551020407,9330,29234809676.0
140860,파크시스템스,KOSDAQ,77,-0.00014226798700344486,-0.055555555555555525,False,2086735762000,14.999999999999991,26.96390658174097,33.48214285714286,15.891472868217061,299000,7382253550.0
000810,삼성화재,KOSPI,77,0.004404183823929153,-0.011111111111111127,False,27949318098000,-1.4106583072100332,42.46885617214042,26.559356136820924,39.77777777777778,629000,63050953600.0
278470,에이피알,KOSPI,77,-0.002851453629048328,-0.07777777777777778,False,13702364730000,-4.052287581699343,12.23241590214068,57.510729613733915,43.92156862745098,367000,86211904975.0
052690,한전기술,KOSPI,77,2.098349228559868e-06,-0.08888888888888885,False,4857762000000,19.30320150659133,-22.22222222222222,41.0913140311804,47.49708963911525,126700,101558343125.0
355690,에이텀,KOSDAQ,77,0.07697221912782998,0.011111111111111127,False,51584396710,32.02933985330074,-5.759162303664922,72.35876157037984,-27.135339360410203,5400,476555191.0
452280,한선엔지니어링,KOSDAQ,77,-0.3718108258625266,-0.09999999999999998,False,275626634400,6.134515890613446,2.279202279202286,62.44343891402715,25.964912280701746,14360,15767554674.0
160980,싸이맥스,KOSDAQ,76,-0.4144171931123,-0.09999999999999998,False,311887137650,-26.32944228274967,9.23076923076922,83.9378238341969,61.36363636363635,28400,3143294772.5
448900,한국피아이엠,KOSDAQ,76,-0.30290715962268894,-0.1444444444444445,False,347458940400,8.712121212121215,-43.72549019607843,11.240310077519378,116.60377358490565,57400,3479665350.0
079550,LIG디펜스앤에어로스페이스,KOSPI,76,-0.12649107429821216,-0.12222222222222223,False,16764000000000,-5.125000000000002,-11.74418604651163,72.89293849658314,50.2970297029703,759000,55454391800.0
042370,비츠로테크,KOSDAQ,76,-0.07164276309945054,-0.011111111111111127,False,297108283500,23.344191096634106,-3.972950126796282,24.56140350877194,33.647058823529406,11360,15729475603.0
112610,씨에스윈드,KOSPI,76,0.12195951635504773,-0.08888888888888885,False,2336295726200,31.353919239904982,-28.088426527958386,36.71199011124846,29.356725146198826,55300,18212409837.5
290740,액트로,KOSDAQ,76,-1.0249945408362847e-05,-0.18888888888888888,False,112325522760,28.441410693970415,-33.62727807172252,-33.744131455399064,111.02803738317758,11290,858524661.5
089230,THE E&M,KOSDAQ,76,-0.006451587511907652,-0.1555555555555555,False,73166033024,13.76543209876544,-13.066037735849056,43.87197501951601,42.097147262914426,1843,389735868.45
232140,와이씨,KOSDAQ,76,-0.04941694693834984,-0.0222222222222222,False,1385745961500,40.49792531120331,-1.0520163646990044,7.834394904458608,12.64138389886893,16930,37636080656.5
114810,한솔아이원스,KOSDAQ,76,-0.0020606680359550227,0.0222222222222222,False,433967743080,18.711656441717793,21.602513747054196,24.437299035369776,16.654107008289376,15480,3140445394.5
204270,제이앤티씨,KOSDAQ,76,0.09199192317038765,-0.0222222222222222,False,1263988982100,31.404460518384568,43.61001317523056,6.601466992665039,-13.147410358565736,21800,25536141281.5
001510,SK증권,KOSPI,76,-0.19840825425156974,-0.17777777777777776,False,547012876025,-8.527131782945741,-40.37392622536634,83.0876648564779,74.16974169741697,2360,5328514743.5
007660,이수페타시스,KOSPI,76,-0.01347130076268976,-0.011111111111111072,False,8897197342800,10.808356039963662,18.908382066276808,0.4115226337448652,58.85416666666667,122000,74932210780.0
055550,신한지주,KOSPI,76,0.3007871838721095,0.0,False,49198385047200,-1.3047530288909592,15.359477124182996,38.25065274151436,48.31932773109244,105900,113543743890.0
261780,아리바이오랩,KOSDAQ,76,0.02847378756726511,-0.1333333333333333,False,98739878160,29.847908745247143,-6.438356164383563,18.576388888888886,27.188081936685293,3415,4573928516.0
055490,테이팩스,KOSPI,75,-0.015946903542163906,-0.011111111111111072,False,79937055000,23.897058823529417,4.984423676012462,21.485219899062734,22.545454545454536,16850,280830120.0
001530,DI동일,KOSPI,75,0.20934592037017113,-0.11111111111111116,False,517890525000,9.42982456140351,16.86182669789227,32.71276595744681,27.79143618111042,24950,726338090.0
096760,JW홀딩스,KOSPI,75,0.4397999327390589,0.0888888888888889,False,316768376470,13.712807244501946,9.057071960297769,25.035561877667135,34.609494640122506,4395,294508071.25
001120,LX인터내셔널,KOSPI,75,0.005491546252729281,0.033333333333333326,False,1709316000000,16.005291005291,-17.419962335216578,37.03125000000001,44.48105436573311,43850,4435914095.0
002810,삼영무역,KOSPI,75,0.05630111365119192,-0.11111111111111105,False,387805908000,6.619504800404252,10.413396127681839,32.7879169288861,39.365918097754296,21100,331188612.5
199430,케이엔알시스템,KOSDAQ,75,0.09530038175352246,-0.0888888888888889,False,200539040130,57.042869641294836,-17.660550458715598,-31.22605363984674,30.545454545454543,17950,3601155839.0
445180,퓨릿,KOSDAQ,75,-0.032341010720206634,-0.011111111111111127,False,172579447520,25.68238213399503,24.907521578298386,5.4110301768990565,13.437849944008962,10130,571426441.0
451800,한화리츠,KOSPI,75,0.2801545463158194,0.07777777777777778,False,964452000000,15.48387096774193,1.8975332068311257,29.241877256317682,32.92079207920793,5370,408300563.0
009830,한화솔루션,KOSPI,75,-0.09570582233965375,-0.011111111111111072,False,8118620549600,10.397553516819569,-1.990063258491026,43.07795965280805,32.89158844100866,36100,97210505075.0
121600,나노신소재,KOSDAQ,75,-0.04639170681622394,0.0,False,729600364500,23.49272349272349,-5.414012738853502,24.3979057591623,28.57142857142858,59400,3601247012.5
105560,KB금융,KOSPI,75,0.1425642854151566,0.07777777777777778,False,59374726671600,-0.9994121105232234,15.738831615120287,36.57745336577454,44.17808219178083,168400,168172392740.0
005180,빙그레,KOSPI,75,0.9102100313085038,-0.15555555555555556,False,735637843200,26.818181818181806,17.226890756302527,14.814814814814813,8.560311284046684,83700,4915336170.0
0015N0,아로마티카,KOSDAQ,75,6.845583135200338,-0.07777777777777778,True,127529989080,66.39209225700165,8.48549946294308,2.2267206477732726,-49.29718875502008,10100,12748727045.0
443670,에스피소프트,KOSDAQ,75,0.17466009511406003,-0.26666666666666666,False,112369439520,62.24489795918367,11.318553092182038,-16.168717047451675,-25.70093457943925,4770,12903387870.75
002870,신풍,KOSPI,75,0.2534712582482459,-0.08888888888888885,False,42509779200,37.22222222222222,3.347280334728042,9.002647837599298,6.741573033707859,1235,336180337.85
010820,퍼스텍,KOSPI,74,-0.21714118476626998,-0.1111111111111111,False,317993035760,7.920792079207928,-28.368017524644028,63.5,42.01954397394137,6540,2486463581.5
198440,강동씨앤엘,KOSDAQ,74,0.36017986878625124,-0.055555555555555525,False,94200711216,-5.67765567765568,37.946428571428584,41.48351648351649,24.697336561743334,1545,6138597419.95
469750,아이비젼웍스,KOSDAQ,74,-4.862305463105687e-05,-0.07777777777777778,False,38935822400,64.92753623188405,5.078485687903966,-17.893217893217894,-25.37704918032787,5690,275925618.75
020000,한섬,KOSPI,74,-0.32376944111761785,-0.06666666666666671,False,471420018300,2.7972027972027913,-1.5625,42.25806451612903,45.16129032258065,22050,3013191485.0
007610,선도전기,KOSPI,74,-0.3240393849404422,-0.2333333333333334,False,76860000000,-19.532710280373834,43.50000000000001,43.50000000000001,43.50000000000001,4305,4098978069.5
192410,오늘이엔엠,KOSDAQ,74,-0.005824267847877241,-0.1333333333333333,False,85632090600,6.259541984732819,-47.66917293233083,126.26788036410926,-0.2579535683576939,3480,338924360.75
007390,네이처셀,KOSDAQ,74,-0.1155832364657919,-0.05555555555555558,False,1594767636000,4.831932773109249,46.334310850439884,12.387387387387383,22.30392156862746,24950,4384754860.0
028100,동아지질,KOSPI,74,0.7693303528038057,-0.0222222222222222,False,221973474260,15.465116279069768,11.198208286674127,16.480938416422287,32.04787234042554,19860,2439487882.5
336260,두산퓨얼셀,KOSPI,74,-0.27078182753917973,-0.12222222222222223,False,3002887337100,-18.81625441696113,19.661458333333325,58.448275862068954,49.6742671009772,45950,53921537915.0
015860,일진홀딩스,KOSPI,74,-0.010365741535649443,-0.05555555555555558,False,363690949710,18.9710610932476,9.629629629629633,8.66372980910426,33.81555153707052,7400,559268719.5
003690,코리안리,KOSPI,74,0.3054339079006939,0.0444444444444444,False,2543015636090,7.302533532041733,18.226600985221687,24.891587163920214,32.231404958677686,14400,3521905143.5
006260,LS,KOSPI,74,-0.30973802621209323,-0.15555555555555556,False,9313200000000,-20.053475935828878,11.567164179104484,43.405275779376495,74.85380116959064,299000,33636940350.0
056360,코위버,KOSDAQ,74,-0.10628287946960141,-0.15555555555555556,False,64854816000,23.00556586270872,-8.044382801664351,25.330812854442343,25.806451612903224,6630,1157656456.0
074600,원익QnC,KOSDAQ,74,-0.23749089586871175,-0.07777777777777778,False,849102400000,4.647435897435903,10.490693739424707,43.20175438596492,25.095785440613017,32650,5340715880.0
388050,지투파워,KOSDAQ,73,0.058872461162408816,-0.11111111111111116,False,189900785550,28.877679697351823,-18.370607028753994,25.091799265605875,23.579201934703754,10220,19123222838.5
033100,제룡전기,KOSDAQ,73,-0.09123488314888083,-0.011111111111111127,False,793483004600,-4.606525911708248,11.434977578475337,34.87109905020353,50.15105740181269,49700,3097419395.0
115500,케이씨에스,KOSDAQ,73,-0.12754780184498637,-0.11111111111111116,False,128520000000,24.457142857142866,20.598006644518275,8.466135458167322,8.899999999999997,10890,4893228675.0
173130,오파스넷,KOSDAQ,73,-0.020925576253424717,-0.04444444444444445,False,100849236290,20.062208398133752,5.177111716621252,16.616314199395777,22.73449920508743,7720,732801200.0
453340,현대그린푸드,KOSPI,73,0.2979853159322672,-0.13333333333333336,False,614037710170,7.508532423208192,22.330097087378633,22.72727272727273,24.423963133640548,18900,687106428.5
319400,현대무벡스,KOSDAQ,73,-0.4295322003278999,-0.06666666666666665,False,2316621611200,-10.10752688172043,-23.44322344322345,-11.814345991561181,139.95407577497127,20900,22470015895.0
005440,현대지에프홀딩스,KOSPI,73,-0.06188115199496473,0.03333333333333327,False,2327310455310,-14.717741935483875,-5.6505576208178425,58.22942643391522,60.83650190114069,12690,4268849599.0
058470,리노공업,KOSDAQ,73,-0.362843921710854,-0.0444444444444444,False,6424658955000,8.269720101781175,-22.916666666666664,31.124807395993837,58.76865671641791,85100,63879347495.0
302430,이노메트리,KOSDAQ,73,-0.0009764697850765485,-0.16666666666666663,False,76955182800,23.317683881064166,19.393939393939384,11.299435028248595,5.77181208053692,7880,4506712992.0
272110,케이엔제이,KOSDAQ,73,-0.15209159001375808,-0.05555555555555558,False,255608830750,14.513274336283178,1.8897637795275646,39.74082073434124,12.326388888888884,32350,2200202170.0
091590,남화토건,KOSDAQ,73,0.8053887950692904,-0.2,False,70909600000,-36.526315789473685,55.81395348837211,49.257425742574256,50.56179775280898,6030,3141946557.0
139130,iM금융지주,KOSPI,73,0.02285771330263309,0.07777777777777778,False,2951893925120,5.477131564088089,12.192192192192186,22.011757021554534,36.95014662756597,18680,7530683783.5
264850,이랜시스,KOSDAQ,73,0.013323978868268742,-0.1555555555555555,False,179647049160,38.46153846153846,4.946996466431086,-17.154811715481166,17.391304347826097,5940,3191069690.0
299660,셀리드,KOSDAQ,73,-4.332001575426282e-05,-0.12222222222222218,False,72134778765,68.05266805266805,-0.2057613168724326,-18.487394957983195,-35.333333333333336,2425,2872647059.25
025000,KPX케미칼,KOSPI,73,0.3028781462040364,0.04444444444444445,False,234705201000,13.447927199191101,12.763819095477391,21.691973969631228,20.512985757556223,56100,253572650.0
006660,삼성공조,KOSPI,72,0.007501400587731202,-0.1333333333333333,False,106861029100,39.91507430997876,16.021126760563376,-8.977900552486185,-5.179856115107917,13180,3878300985.5
021240,코웨이,KOSPI,72,0.24480479082192869,0.055555555555555525,False,7189970481600,7.3375262054507395,42.22222222222223,19.76608187134503,4.383282364933749,102400,19813192495.0
012630,HDC,KOSPI,72,0.44469856674253433,-0.15555555555555556,False,1403930443500,10.070257611241207,-11.819887429643527,34.28571428571428,37.50731421884144,23500,2692055215.0
480370,씨케이솔루션,KOSPI,72,0.0026947993291001546,-0.011111111111111127,False,62234377728,60.370634354953665,12.66900350525788,-21.46596858638743,-32.16762134458848,2250,1288712681.8
482630,삼양엔씨켐,KOSDAQ,72,-0.19925926193441426,-0.09999999999999998,False,338611691600,1.8843404808317032,0.8360128617363349,34.59227467811159,39.99999999999999,15680,2364344259.5
093050,LF,KOSPI,72,7.985997485123768e-05,-0.022222222222222254,False,707608000000,3.1982942430703654,-0.8196721311475419,36.645962732919244,36.72316384180792,24200,517851242.5
048910,대원미디어,KOSDAQ,72,0.645094975909913,0.1333333333333333,False,89687884980,54.322305229455715,-1.094391244870041,-11.505507955936356,-17.74744027303754,7230,319535331.5
004150,한솔홀딩스,KOSPI,72,-0.00028126076369203515,-0.011111111111111127,False,149747163000,18.019480519480524,12.88819875776397,19.376026272577995,9.818731117824765,3635,253515070.0
010580,에스엠벡셀,KOSPI,72,0.009187391088374628,-0.17777777777777776,False,250872718800,37.33905579399141,10.344827586206895,-13.513513513513509,4.918032786885251,2240,12684456240.8
006910,보성파워텍,KOSDAQ,72,-0.07934001886789378,-0.08888888888888885,False,363560697600,1.085481682496603,-23.35390946502057,37.70794824399262,59.69989281886387,7450,8436379514.0
024900,디와이덕양,KOSPI,72,1.3935528927056985e-05,0.0222222222222222,False,71968605800,25.6952169076752,16.19537275064267,4.147465437788012,4.147465437788012,2260,525390238.7
124500,아이티센글로벌,KOSDAQ,72,-0.012387774506583245,-0.14444444444444443,False,678732414750,29.039301310043662,-36.51987110633728,-5.288461538461542,58.78559914024717,29550,9056028012.5
316140,우리금융지주,KOSPI,72,0.507482807570578,0.05555555555555558,False,24682349659500,9.756097560975618,5.633802816901401,20.320855614973254,29.558541266794624,33750,152722952182.5
166480,코아스템켐온,KOSDAQ,72,-0.16315274179344005,-0.07777777777777783,False,122394920440,9.64705882352941,-3.5196687370600444,26.287262872628723,32.763532763532766,2330,254595295.75
143240,사람인,KOSDAQ,72,0.3843148838563533,0.0222222222222222,False,187393483260,9.433962264150942,3.2028469750889688,28.888888888888896,23.66737739872069,17400,191052066.5
162300,신스틸,KOSDAQ,71,0.5474729846437911,-0.033333333333333326,False,86260474560,14.199229499174471,28.08641975308641,17.697107203630182,0.24154589371980784,2075,14470197805.5
443060,HD현대마린솔루션,KOSPI,71,-8.797752315542264e-05,0.0,False,10468612910000,8.564814814814813,31.44618834080717,21.188630490956072,4.222222222222216,234500,25277642600.0
052900,KX하이텍,KOSDAQ,71,-0.4507525906806749,-0.09999999999999998,False,92921725080,0.0,13.994439295644124,31.974248927038616,27.99167533818938,1230,786746385.8
128940,한미약품,KOSPI,71,0.04774578844534558,0.0444444444444444,False,6482361446000,9.209100758396538,-0.591715976331364,13.769751693002252,42.17207334273625,504000,53249915475.0
005290,동진쎄미켐,KOSDAQ,71,-0.30489090549050857,-0.011111111111111127,False,2650446552000,3.754940711462451,14.130434782608692,32.40857503152586,19.318181818181813,52500,18815184012.5
001230,동국홀딩스,KOSPI,71,0.020183274522790964,0.033333333333333326,False,314903122875,18.71345029239766,-11.968777103209016,25.46353522867737,22.289156626506035,2030,1684517617.15
033780,KT&G,KOSPI,71,-0.027606181215846466,0.033333333333333326,False,18364069666400,0.9708737864077666,13.115802943058231,25.92592592592593,31.940298507462693,176800,37889541005.0
405100,큐알티,KOSDAQ,71,-0.020609485332910817,-0.11111111111111116,False,203756610580,40.28837998303647,9.536423841059595,-6.816901408450704,-10.400866738894909,16540,846687594.5
104830,원익머트리얼즈,KOSDAQ,71,-0.23436620190798046,-0.08888888888888885,False,519449600000,13.953488372093027,3.8653366583541127,21.251819505094605,19.683908045977017,41650,2548803245.0
417200,LS머트리얼즈,KOSDAQ,71,-0.3361258720052344,-0.09999999999999998,False,1023584730670,6.323835997220284,-26.794258373205736,23.188405797101442,63.46153846153846,15300,17503912743.0
142210,유니트론텍,KOSDAQ,71,-0.034863877896420314,0.033333333333333326,False,138411858010,13.02876480541455,30.21442495126705,7.051282051282048,9.15032679738561,6680,853472669.0
112290,와이씨켐,KOSDAQ,71,-0.17529677557873977,0.03333333333333327,False,255392366700,17.29323308270676,7.781328266689691,17.96956234048588,11.637892476965739,12480,2157987542.5
138040,메리츠금융지주,KOSPI,71,0.7453202090104695,0.033333333333333326,False,21554328762400,14.083259521700619,14.692787177203925,15.412186379928317,13.58024691358024,128800,27150894185.0
005880,대한해운,KOSPI,71,9.210502030758458e-05,-0.0888888888888889,False,693906781000,15.922538999462077,-9.832635983263593,23.354321694333137,26.244874048037502,2155,2828667229.2
003380,하림지주,KOSDAQ,70,0.018701671822247946,-0.08888888888888885,False,1264543461090,14.127144298688199,-16.469719350073852,3.0993618960802216,55.570839064649235,11310,4122736500.5
079370,제우스,KOSDAQ,70,-0.0002692644378056438,-0.08888888888888885,False,441992107500,44.6122860020141,-1.5089163237311354,-4.837640821736244,-12.439024390243903,14360,6117097637.5
004770,써니전자,KOSPI,70,0.7624309842171886,-0.07777777777777783,False,65227163606,11.351351351351347,13.255956017104452,17.789072426937746,16.603773584905657,1854,5975385364.75
460860,동국제강,KOSPI,70,0.0021738513348289173,-0.2,False,490127207960,15.635939323220537,8.306010928961749,21.894218942189415,8.424507658643332,9910,3121442614.5
294870,IPARK현대산업개발,KOSPI,70,0.5233144183487972,-0.06666666666666671,False,1473028825500,21.138211382113823,9.290953545232284,6.937799043062198,10.918114143920587,22350,3333841745.0
010280,아이티센엔텍,KOSDAQ,70,-0.009744466686315994,0.011111111111111072,False,74241114900,20.294426919032603,4.589504479795203,15.462252725070647,8.456579446340529,5720,349013261.0
093320,케이아이엔엑스,KOSDAQ,70,0.5251969050659193,0.04444444444444445,False,614880000000,5.882352941176472,24.015748031496067,1.1235955056179803,31.937172774869115,126000,1468156245.0
001540,안국약품,KOSDAQ,70,-0.003000075114599607,0.011111111111111127,False,127946140200,-1.978239366963408,27.37789203084833,18.25775656324582,27.051282051282044,9910,317242928.5
119830,아이텍,KOSDAQ,70,-0.004130883652488712,-0.0222222222222222,False,171969713280,17.84452296819787,13.050847457627125,10.430463576158932,9.344262295081961,6670,914060846.5
050890,쏠리드,KOSDAQ,70,-0.44040806493849527,-0.04444444444444445,False,644019260400,-0.8348794063079756,-34.41717791411043,36.7007672634271,67.81789638932496,10690,14798577624.0
348350,위드텍,KOSDAQ,70,0.03383124793702316,-0.011111111111111127,False,95976752000,23.55889724310778,2.1761658031087983,13.203214695752008,5.907626208378081,9860,212964683.0
037030,파워넷,KOSDAQ,70,-0.5167196104230084,-0.14444444444444443,False,104220572320,1.4669926650366705,-22.574626865671643,52.573529411764696,34.959349593495936,4150,1379185257.5
155650,와이엠씨,KOSDAQ,70,-0.0015916479054473463,0.0222222222222222,False,70774355340,28.399311531841654,5.665722379603388,-0.665778961384822,5.81560283687943,3730,211639978.5
004430,송원산업,KOSPI,70,0.0914481865781744,-0.1333333333333333,False,277680000000,-3.0226700251889116,27.765486725663724,28.19089900110987,17.497456765005094,11550,1445349136.0
000430,대원강업,KOSPI,70,7.388098043955213e-06,-0.0222222222222222,False,278070000000,10.34063260340632,11.83723797780518,13.659147869674193,20.61170212765957,4535,564723570.25
234690,녹십자웰빙,KOSDAQ,69,0.10668124217915476,-0.1555555555555555,False,197057291300,32.12560386473431,-26.08108108108108,18.015102481121904,10.393541876892032,10940,9729855051.0
122350,삼기,KOSDAQ,69,0.909484381437884,0.05555555555555558,False,64448578468,-6.440866185452531,18.997175141242927,31.537861046057756,28.921193573068106,1685,2223161911.6
000400,롯데손해보험,KOSPI,69,0.008841971400148979,-0.12222222222222223,False,684291585600,10.123456790123452,7.9903147699757815,28.234617596319733,9.313725490196067,2230,763295979.0
086450,동국제약,KOSDAQ,69,0.08615549133179981,0.07777777777777778,False,1028992055000,13.93034825870647,-16.423357664233574,34.07494145199064,19.70726607422897,22900,9898794386.0
484120,도우인시스,KOSDAQ,69,0.4637573393520434,-0.07777777777777778,False,252020706000,38.62275449101797,23.269435569755046,-13.295880149812733,-22.18487394957983,23150,1735608340.0
002960,한국쉘석유,KOSPI,69,0.028642988357651694,-0.0888888888888889,False,673400000000,7.484407484407485,5.617977528089879,18.17142857142857,24.578313253012052,517000,451870025.0
018880,한온시스템,KOSPI,69,-0.38185752667650885,-0.05555555555555558,False,3930542639860,-0.2597402597402598,1.5873015873015817,30.83475298126064,31.371878207321235,3840,19286608635.75
005070,코스모신소재,KOSPI,69,-0.026278519940347987,-0.07777777777777778,False,1567727751200,19.999999999999996,-8.0078125,13.085234093637466,18.193224592220837,47100,5255166472.5
180640,한진칼,KOSPI,69,0.2723713940442412,0.09999999999999998,False,8832648982500,-0.8955223880596996,21.946740128558307,9.752066115702473,33.33333333333333,132800,11408513685.0
272210,한화시스템,KOSPI,69,-0.16714971512956492,-0.08888888888888885,False,15661417348100,8.609271523178808,-39.43870014771049,48.28209764918625,37.12374581939799,82000,46571799085.0
068790,DMS,KOSDAQ,69,0.8447240318344714,0.05555555555555558,False,178804039440,37.94871794871795,8.906882591093112,-11.706783369803064,-11.706783369803064,8070,348983861.0
417010,나노팀,KOSDAQ,69,-0.0757088898359301,-0.12222222222222223,False,136367641280,29.36660268714011,-28.450106157112533,-10.133333333333338,40.85684430512018,6740,1774209536.5
001250,GS글로벌,KOSPI,69,-0.10318953946656854,-0.2,False,246775954360,8.974358974358964,-6.151419558359617,29.34782608695652,19.718309859154925,2975,1308654899.75
175330,JB금융지주,KOSPI,69,0.7140825312953318,-0.04444444444444445,False,5409132896000,10.898661567877621,-0.6849315068493178,15.07936507936507,24.19700214132763,29000,15927442430.0
000210,DL,KOSPI,68,0.0032812586856714137,-0.06666666666666665,False,1023694933400,5.639913232104132,-18.151260504201684,33.42465753424657,33.242134062927484,48700,3301725522.5
066970,엘앤에프,KOSPI,68,-0.028356953366878428,-0.13333333333333336,False,4634156357600,7.641509433962268,-31.43028846153846,20.996818663838823,54.6070460704607,114100,61964165055.0
014680,한솔케미칼,KOSPI,68,-0.27170205679101,0.033333333333333326,False,2957565864000,5.714285714285716,4.914933837429114,15.625,27.293577981651374,277500,12420518845.0
089030,테크윙,KOSDAQ,68,-0.04008724004723446,-0.06666666666666665,False,2034245110500,19.52789699570816,19.271948608137034,9.430255402750486,-8.688524590163937,55700,34086806707.5
086390,유니테스트,KOSDAQ,68,-0.07149552628458133,-0.05555555555555558,False,321238715200,37.15058611361588,-5.527950310559005,6.811797752808979,-16.657534246575345,15210,2758171490.0
007690,국도화학,KOSPI,68,0.3991741693662857,-0.055555555555555525,False,355152907200,10.80691642651297,6.657420249653256,21.10236220472441,9.388335704125183,38450,674415672.5
014950,삼익제약,KOSDAQ,68,0.09598893517443255,-0.15555555555555556,True,86077877400,61.48007590132827,-13.516260162601624,-38.55595667870036,-12.44855967078189,8510,47955388706.0
194370,제이에스코퍼레이션,KOSPI,68,0.39143134040515676,0.0444444444444444,False,372285005140,4.6416938110749095,15.76576576576576,4.812398042414356,28.115653040877376,12850,579225717.0
065530,와이어블,KOSDAQ,68,-0.020293493156841976,-0.05555555555555558,False,71997332295,34.45527015057572,-29.3953488372093,12.694877505567925,4.906703524533507,1518,872921075.95
950190,고스트스튜디오,KOSDAQ,68,0.1772564434176553,0.09999999999999998,False,126525813480,8.463251670378625,18.203883495145632,14.185228604923793,7.743362831858414,9740,1366306236.0
264450,유비쿼스,KOSDAQ,68,-0.03416938622867786,-0.16666666666666663,False,172759507540,15.535889872173048,-23.7012987012987,18.80687563195147,30.700778642936587,11750,797958814.0
294570,쿠콘,KOSDAQ,68,0.33592246175296436,-0.11111111111111105,False,272981350600,43.155694879832815,4.580152671755733,-5.841924398625431,-28.552803129074313,27400,5495964002.5
066430,아이로보틱스,KOSDAQ,68,-0.410942619185389,-0.2,False,80656160560,-13.291139240506332,10.483870967741925,17.765042979942702,54.74397590361446,2055,1013765620.5
280360,롯데웰푸드,KOSPI,68,0.7295439533445982,-0.12222222222222218,False,1099026135600,17.74509803921569,8.589511754068724,7.136485280999105,5.166374781085814,120100,2531209935.0
204620,글로벌텍스프리,KOSDAQ,68,0.4745880228245492,-0.055555555555555525,False,399209314400,13.997985901309162,18.039624608967664,23.177366702937974,-12.923076923076927,5660,3600838765.0
086520,에코프로,KOSDAQ,67,-0.37094570111621306,-0.0222222222222222,False,12070499912800,2.0618556701030855,-37.03180212014134,0.9060022650056565,88.17317845828934,89100,46957412775.0
108670,LX하우시스,KOSPI,67,0.013506523007897283,0.05555555555555558,False,298623411000,0.4511278195488799,19.928186714542196,16.98774080560421,18.230088495575213,33400,655310957.5
037350,성도이엔지,KOSDAQ,67,-0.297163202444887,-0.011111111111111127,False,128068200000,-12.770339855818747,-9.314775160599575,32.34375000000001,58.317757009345804,8470,926799720.0
001740,SK네트웍스,KOSPI,67,-0.7448588922781905,-0.07777777777777778,False,1313889972950,-31.36842105263158,24.904214559386983,46.84684684684686,46.02463605823068,6520,4492704101.0
083310,엘오티베큠,KOSDAQ,67,-0.01653054632263302,0.0444444444444444,False,229749425700,30.29381965552178,6.2809917355372,-3.453453453453459,-8.794326241134753,12860,937116461.5
036200,유니셈,KOSDAQ,67,-0.04777350311521476,-0.11111111111111116,False,332400177320,14.857744994731291,24.145785876993166,5.212355212355213,-4.469763365468882,10900,2661615996.0
161390,한국타이어앤테크놀로지,KOSPI,67,-0.05475466860495706,-0.011111111111111127,False,7420116633100,-10.846953937592863,15.384615384615374,5.263157894736836,55.6420233463035,60000,15635975085.0
120110,코오롱인더,KOSPI,67,-0.22465233806899343,-0.055555555555555525,False,1682966998400,-5.05050505050505,-30.712530712530718,32.70588235294119,62.53602305475505,56400,10568824335.0
061970,LB세미콘,KOSDAQ,67,-0.04621696179138994,-0.04444444444444445,False,332894278500,11.893764434180131,28.37837837837838,13.545816733067738,-11.458333333333337,4845,1557192450.5
030190,NICE평가정보,KOSPI,67,0.4139564428666142,0.03333333333333327,False,948032416070,16.572237960339955,1.3546798029556717,0.7960808328230318,18.930635838150287,16460,1091043392.5
452450,피아이이,KOSDAQ,67,-6.531690041131378e-05,-0.05555555555555558,False,193473045000,54.220314735336196,7.157057654075549,-23.762376237623762,-37.9746835443038,5390,3696154116.5
014910,성문전자,KOSPI,67,-0.2658332793786874,-0.06666666666666665,False,43714514000,-32.60504201680672,27.544529262086503,18.639053254437865,72.69595176571922,2005,707776803.55
038500,삼표시멘트,KOSDAQ,67,-0.5843370696116053,-0.17777777777777776,False,731672554680,-18.646080760095007,-52.364394993045906,29.24528301886793,114.0625,6850,1943867049.5
117670,알파칩스,KOSDAQ,67,-0.13476940198629736,-0.19999999999999996,False,67883150980,4.61847389558232,-37.90226460071514,20.881670533642694,59.815950920245406,10420,1500697461.0
038680,에스넷,KOSDAQ,67,0.1363517589978847,-0.16666666666666663,False,76165855650,19.937205651491375,4.94505494505495,9.142857142857142,-2.051282051282055,3820,262721929.75
003670,포스코퓨처엠,KOSPI,66,-0.02170765363037481,-0.08888888888888885,False,16624048518000,15.166461159062884,-11.678486997635929,5.5963821368004485,27.508532423208187,186800,53286623460.0
090460,비에이치,KOSPI,66,-0.2368866299286442,-0.11111111111111105,False,701199990400,4.458917835671339,-9.150326797385622,30.63909774436091,21.220930232558132,20850,22037764023.0
161580,필옵틱스,KOSDAQ,66,-0.15464399840602142,-0.0222222222222222,False,959960014650,22.172619047619047,9.612817089452609,-11.050920910075835,8.168642951251638,41050,18852823995.0
000880,한화,KOSPI,66,-0.03588963597408058,-0.05555555555555558,False,6874094823300,1.3261335662669627,-6.516037334974434,30.901331582510917,23.738132873032658,127600,14693396450.0
078020,LS증권,KOSDAQ,66,-2.7256276458646983e-06,-0.12222222222222218,False,360627735000,-3.834808259587019,-4.398826979472137,36.68763102725367,26.112185686653767,6520,278484634.5
122990,와이솔,KOSDAQ,66,-0.07418959264704486,-0.033333333333333326,False,171072686930,5.312500000000009,3.3742331288343586,19.081272084805654,17.62652705061083,6740,500947055.0
432470,케이엔에스,KOSDAQ,66,0.019243838749007338,-0.08888888888888885,False,90522457920,34.58064516129031,-19.769230769230774,11.312700106723582,-10.086206896551719,10430,3205838688.5
127120,제이에스링크,KOSDAQ,66,-0.09049019356758484,0.06666666666666671,False,1088954344400,-18.518518518518523,-27.82503037667071,72.67441860465115,42.44604316546763,29700,7038907317.5
137950,제이씨케미칼,KOSDAQ,66,0.4963298152000832,-0.0222222222222222,False,79607435050,33.085501858736066,-36.07142857142858,13.112164296998419,7.025411061285491,3580,288052239.25
187790,나노,KOSDAQ,66,-0.4334081170082516,-0.2555555555555556,False,96840206200,-5.523255813953487,-5.109489051094895,-6.340057636887608,72.68862911795961,3250,700768589.0
067920,이글루,KOSDAQ,66,0.031140215722149523,-0.06666666666666665,False,64437257340,19.110212335692612,-3.284072249589487,10.71428571428572,3.8800705467372243,5890,479214433.0
012750,에스원,KOSPI,66,0.3677598653674674,0.0,False,3157731691800,16.32088520055326,-2.774566473988438,18.450704225352112,1.2033694344163681,84100,5236689175.0
107640,한중엔시에스,KOSDAQ,66,-0.0015315691932219287,-0.07777777777777778,False,382540721200,21.55172413793103,-10.476190476190473,-5.263157894736848,22.077922077922075,42300,3682963987.5
005850,에스엘,KOSPI,66,-0.4579756981231285,-0.1111111111111111,False,2419967892000,-11.912751677852352,-4.891304347826086,25.59808612440191,52.39477503628447,52500,3311322755.0
126560,현대퓨처넷,KOSPI,65,0.45085608903992747,0.0,False,369645520400,15.39763113367174,3.177004538577921,10.71428571428572,4.281345565749239,3410,220989339.25
243840,신흥에스이씨,KOSDAQ,65,-0.013052885373364458,-0.0222222222222222,False,225565674750,14.538310412573674,-23.989569752281614,22.995780590717295,20.330237358101133,5830,763495481.5
006140,피제이전자,KOSDAQ,65,-0.045012386036677135,-0.09999999999999998,False,84581850000,25.330396475770932,-10.954616588419409,-0.3502626970227629,9.00383141762453,5690,589356824.5
011790,SKC,KOSPI,65,-0.3531244504294864,0.12222222222222223,False,5282218737000,3.992210321324241,19.730941704035864,10.315763378885068,10.101957711776176,106800,18665802955.0
092460,한라IMS,KOSDAQ,65,-0.010370599540154709,-0.07777777777777778,False,287955914400,11.976047904191622,9.5703125,3.569230769230769,10.57818659658345,16830,218992958.0
078150,HB테크놀러지,KOSDAQ,65,-0.33197589514174003,-0.0222222222222222,False,219269353380,6.928406466512693,8.430913348946145,15.749999999999996,8.685446009389675,2315,3701585011.0
178920,PI첨단소재,KOSPI,65,-0.19538880385727506,-0.011111111111111127,False,594668020500,0.4987531172069737,-5.6206088992974195,29.581993569131825,21.752265861027187,20150,616672813.0
396470,워트,KOSDAQ,65,0.00010612419265366009,-0.04444444444444445,False,115741600000,28.191489361702125,6.952662721893499,-4.111405835543769,-12.89156626506024,7230,756929570.0
013030,하이록코리아,KOSDAQ,65,0.0006831340167930515,-0.04444444444444445,False,427183627200,13.77151799687011,-4.46780551905388,22.184873949579842,0.6925207756232732,36350,1188599290.0
064400,LG씨엔에스,KOSPI,65,-0.23279209409587914,-0.13333333333333336,False,6966099661200,-2.96495956873315,25.0,15.015974440894574,11.455108359133126,72000,31767073140.0
321820,아티스트컴퍼니,KOSDAQ,65,-0.03361981472565792,-0.09999999999999998,False,55271427920,47.95081967213115,-2.168021680216803,-15.948777648428402,-32.270168855534706,3610,1015023818.75
002710,TCC스틸,KOSPI,65,-0.010098926927087543,-0.16666666666666663,False,352836361620,34.02366863905326,-6.469373709566417,-1.3071895424836555,-15.0625,13590,7652360205.0
072870,메가스터디,KOSDAQ,65,0.04385468363645331,-0.0222222222222222,False,156283772490,-0.6024096385542133,8.019639934533561,20.547945205479444,17.125110913930786,13200,197842349.5
011760,현대코퍼레이션,KOSPI,65,0.01739825830431852,-0.0444444444444444,False,332047046600,6.8376068376068355,-4.397705544933084,16.82242990654206,17.9245283018868,25000,745565262.5
336370,솔루스첨단소재,KOSPI,65,-0.2548253971224407,-0.06666666666666665,False,613655484520,5.818181818181811,-4.48577680525164,22.78481012658229,13.376623376623375,8730,1869291974.0
003300,한일홀딩스,KOSPI,64,0.2364641449698583,0.07777777777777778,False,534308924520,7.4788902291917925,8.658536585365862,11.654135338345872,8.000000000000007,17820,256601532.0
046120,오르비텍,KOSDAQ,64,-0.20128670943326937,-0.19999999999999996,False,182819338200,1.1173184357541999,-57.44514106583072,34.90683229813665,63.308270676691734,5430,8846954075.75
005720,넥센,KOSPI,64,-0.04983001090007264,-0.13333333333333336,False,340484970960,8.166666666666679,1.2480499219968744,8.710217755443894,16.517055655296218,6490,270196044.5
267320,나인테크,KOSDAQ,64,-0.05407339619406596,0.011111111111111072,False,161911131900,32.5526932084309,-5.980066445182719,-5.192629815745398,-11.285266457680255,2830,6852566605.25
282330,BGF리테일,KOSPI,64,0.26621431425673586,-0.05555555555555558,False,2210611577400,2.976669348350769,-4.406273338312172,22.840690978886748,17.647058823529417,128000,6142816460.0
459550,알트,KOSDAQ,64,1.362461887770224,-0.24444444444444446,True,51828663855,76.44557823129252,-22.862453531598515,-46.86299615877081,-41.631504922644154,2075,12696598828.0
294630,서남,KOSDAQ,64,-0.0006767242320823407,-0.0444444444444444,False,82809934375,16.573556797020483,-20.1530612244898,15.073529411764696,13.405797101449268,3130,1030017455.25
308080,바이젠셀,KOSDAQ,64,-0.26842581792319403,-0.1777777777777777,False,119100700600,2.992957746478875,15.612648221343871,-44.1793893129771,63.86554621848739,5850,771790842.5
110990,디아이티,KOSDAQ,64,-0.3217532249348182,0.0,False,362880000000,1.3720316622691353,4.9153468050245674,22.434671765455704,11.040462427745656,19210,1223010753.5
002380,KCC,KOSPI,64,-0.04235455488301076,0.0,False,4055846912000,-3.476482617586907,1.724137931034475,20.10178117048347,26.203208556149725,472000,11160117525.0
084670,동양고속,KOSPI,64,-0.5438980863509899,-0.2777777777777778,False,66598087000,-19.137931034482758,-41.1543287327478,-67.96448087431695,188.43788437884376,23450,213019212.5
321370,센서뷰,KOSDAQ,64,-0.41154297789156763,-0.2222222222222222,False,133476054390,2.371759514616656,-38.522689632328586,36.7722918201916,37.89004457652303,1856,15417994721.3
122900,아이마켓코리아,KOSPI,64,0.35174873599720297,-0.06666666666666665,False,274116488000,12.792297111416783,10.81081081081081,4.725415070242667,-0.24330900243308973,8200,379900666.0
011200,HMM,KOSPI,64,0.14921978261219865,0.0444444444444444,False,20279616355000,11.632759520083468,6.733167082294256,5.940594059405946,4.90196078431373,21400,16551808137.5
049070,인탑스,KOSDAQ,64,-0.00817044134924936,-0.07777777777777783,False,295168125000,6.818181818181812,13.801452784503642,-8.292682926829265,21.604139715394567,18800,1594389227.5
041920,메디아나,KOSDAQ,63,-0.5534298779339619,-0.04444444444444445,False,188957945680,-6.8870523415977996,-45.89114194236926,6.849315068493156,93.51145038167938,10140,608938157.0
016380,KG스틸,KOSPI,63,-4.711741300767982e-05,-0.04444444444444445,False,575051157750,7.317073170731714,9.578544061302674,8.538899430740043,6.7164179104477695,5720,1393001717.0
254490,미래반도체,KOSDAQ,63,-0.39761515633280314,0.0222222222222222,False,270856880000,5.88895120583286,15.47400611620795,10.023310023310028,2.109248242293127,18880,1431578136.5
049470,비트플래닛,KOSDAQ,63,1.402156577229341,-0.15555555555555556,False,63806676290,87.54325259515572,-18.25037707390649,-37.91523482245132,-79.8886827458256,2710,968271581.25
030210,다올투자증권,KOSPI,63,0.12628382186833673,-0.06666666666666671,False,236639646810,10.93525179856114,-1.658163265306123,11.09510086455332,7.531380753138084,3855,261457081.75
066310,큐에스아이,KOSDAQ,63,-0.18784458432204248,-0.03333333333333327,False,79921373020,15.852047556142669,-19.98175182481752,17.0894526034713,9.488139825218479,8770,720532490.5
461300,아이스크림미디어,KOSDAQ,63,0.27077922142776367,0.0,False,245744385190,12.082574377656341,14.872433105164905,7.388016288539845,-8.159203980099505,18460,427293654.0
001290,상상인증권,KOSPI,63,-5.693661019469916e-06,-0.1444444444444445,False,93819945920,7.088607594936702,-21.883656509695292,30.959752321981426,14.634146341463406,4230,248378465.25
307870,비투엔,KOSDAQ,63,0.13782457333196285,-0.0888888888888889,False,91388120550,13.211009174311927,2.747710241465451,14.790697674418606,-6.515151515151518,1234,813503974.65
099440,스맥,KOSDAQ,63,0.6514817888311755,0.03333333333333327,False,268878972360,45.30386740331491,-13.201320132013205,-36.165048543689316,-4.014598540145986,3945,1269555013.25
104480,티케이케미칼,KOSDAQ,63,0.0012531367197576007,-0.1111111111111111,False,164338944672,13.287585776668752,-18.013544018058692,16.11253196930946,12.098765432098757,1816,312581119.9
033240,자화전자,KOSPI,63,-0.16028353104144488,-0.07777777777777778,False,606034331100,5.2044609665427455,-17.73255813953488,7.604562737642584,35.406698564593306,28300,2322065985.0
023160,태광,KOSDAQ,63,-0.032799128164144965,-0.16666666666666663,False,722989413900,15.400410677618058,-32.04353083434099,34.12887828162292,2.5547445255474477,28100,6111136017.5
147830,제룡산업,KOSDAQ,63,-0.0553869413074997,-0.14444444444444438,False,146000000000,2.941176470588225,-0.6756756756756799,7.771260997067442,22.296173044925126,7350,727870347.5
420570,제이투케이바이오,KOSDAQ,62,0.2790815021420004,-0.05555555555555558,False,52919721150,9.277108433734949,18.717277486910987,0.33185840707965486,-2.5778732545649885,9070,588369059.5
340570,티앤엘,KOSDAQ,62,0.0011696101966629264,-0.22222222222222227,False,442731806000,2.8967676993624902,2.127659574468077,15.66507417651497,11.411617486779967,27600,1775265517.5
017940,E1,KOSPI,62,0.26000172392850385,0.07777777777777778,False,608482000000,6.867469879518073,-9.118852459016392,9.777227722772274,19.864864864864874,88700,839880345.0
042500,링네트,KOSDAQ,62,0.00214504348379052,-0.13333333333333336,False,94514450560,4.962779156327546,4.444444444444451,11.756935270805812,8.045977011494255,4230,419624389.75
000850,화천기공,KOSPI,62,0.08004644449218992,0.0222222222222222,False,81950000000,7.959479015918958,4.481792717086841,0.26881720430107503,13.373860182370812,37300,320558667.5
101330,모베이스,KOSDAQ,62,-0.026615518236954266,-0.0444444444444444,False,86685623605,10.294117647058831,-15.254237288135597,16.09907120743035,12.27544910179641,3750,185185921.75
109080,옵티시스,KOSDAQ,62,-0.13304927515918666,-0.05555555555555558,False,55120080000,12.756264236902059,-23.136645962732917,21.323529411764696,10.000000000000009,9900,329261104.0
086280,현대글로비스,KOSPI,62,-0.00537614585790471,-0.0888888888888889,False,15112500000000,2.0304568527918843,-4.285714285714281,11.111111111111116,22.411693057247263,201000,29761021635.0
090430,아모레퍼시픽,KOSPI,62,1.2270787394546925,-0.07777777777777778,False,7761989119300,9.323432343234316,0.7604562737642651,4.412923561859738,8.695652173913038,132500,28372202610.0
039010,현대에이치티,KOSDAQ,62,-0.07800374534093298,-0.05555555555555558,False,71932500000,10.196078431372557,-0.8235294117647007,-3.767123287671237,15.479452054794528,8430,286000141.5
015230,대창단조,KOSPI,62,0.09364613391587806,0.055555555555555525,False,177519274800,9.000000000000007,-2.823179791976227,6.514657980456029,9.547738693467345,6540,492522525.0
220260,켐트로스,KOSDAQ,62,-0.021671575416450692,-0.12222222222222223,False,154908025650,28.211920529801326,-6.743737957610785,-39.119496855345915,20.099255583126553,4840,634834540.5
262260,에이프로,KOSDAQ,62,-0.08652014117206233,-0.06666666666666665,False,67472528500,37.05972434915774,-10.499999999999998,-15.246212121212121,-17.889908256880737,4475,217863894.0
488280,에스투더블유,KOSDAQ,62,-0.07541247560855789,-0.06666666666666665,False,166279464960,49.816513761467895,17.566594672426206,-45.475792988313856,-41.2589928057554,16330,11727211172.0
158430,아톤,KOSDAQ,62,-0.0005280451643841828,-0.12222222222222218,False,134651506000,35.31510107015458,-1.8965517241379293,-11.508553654743391,-26.957637997432606,5690,12115920180.25
003610,방림,KOSPI,61,0.2757700979629138,0.0888888888888889,False,176288171220,7.421875,8.481262327416172,-2.9982363315696703,9.78043912175648,5500,374752177.5
150900,파수AI,KOSDAQ,61,0.01057312753977542,-0.07777777777777778,False,45762335020,20.270270270270263,19.37406855439643,-9.491525423728808,-20.37773359840954,4005,1081292062.75
035080,그래디언트,KOSDAQ,61,1.4886129211690833,-0.09999999999999998,False,129508155110,25.485961123110144,-1.6920473773265665,1.1314186248912117,-20.410958904109588,11620,376366975.0
214430,아이쓰리시스템,KOSDAQ,61,-0.02413346110395223,-0.1555555555555555,False,574347099000,27.704918032786896,-21.31313131313132,-2.3809523809523836,-1.7654476670870167,77900,1837227155.0
001060,JW중외제약,KOSPI,61,0.0012171502319153105,-0.07777777777777778,False,622898627500,3.675048355899424,-7.586206896551728,3.875968992248069,26.117647058823536,26800,1109741347.5
222080,SFA넥셀,KOSDAQ,61,-0.32424358690490773,-0.11111111111111116,False,649464202400,0.9661835748792313,-28.363324764353038,25.337331334332823,30.829420970266042,8360,3100097778.5
001790,대한제당,KOSPI,61,0.4490186807567002,0.0,False,241046152425,18.029350104821805,-6.010016694490816,1.2589928057553879,-1.9163763066202044,2815,377904655.75
036570,NC,KOSPI,61,-0.3878884910469961,-0.07777777777777778,False,5192109302000,-6.3218390804597675,15.602836879432624,12.93302540415704,13.457076566125291,244500,22006090850.0
047050,포스코인터내셔널,KOSPI,61,-0.003917752202972864,-0.12222222222222218,False,9957229800800,14.807302231237319,-33.49001175088132,17.18426501035197,15.983606557377051,56600,132702978245.0
439090,마녀공장,KOSDAQ,61,0.13059499317278764,-0.05555555555555558,False,247866091200,2.0738820479585307,29.950495049504955,0.0,-4.8338368580060465,15750,2229959118.0
284740,쿠쿠홈시스,KOSPI,61,0.09893347860720295,-0.022222222222222254,False,554202051000,10.961968680089495,7.3593073593073655,4.641350210970474,-4.798464491362764,24800,263316097.5
004170,신세계,KOSPI,61,-0.6581751850721882,-0.2555555555555556,False,3135800092000,-52.97450424929179,8.852459016393443,43.72294372294372,82.21734357848518,332000,27317681300.0
004490,세방전지,KOSPI,61,0.15598014335373805,0.0,False,862092000000,15.18518518518519,3.1509121061359835,-0.3205128205128194,-4.892966360856265,62200,4804413810.0
089600,KT나스미디어,KOSDAQ,61,0.8131403223236363,-0.13333333333333336,False,137905310400,20.837487537387833,6.690140845070425,-6.9838833461243315,-13.428571428571423,12120,248013479.0
036010,아비코전자,KOSDAQ,60,-0.2678916755521858,0.04444444444444445,False,110863069560,15.694444444444455,-4.252873563218396,13.33333333333333,-13.048016701461373,8330,724492617.0
460850,동국씨엠,KOSPI,60,0.0005896062786451433,-0.033333333333333326,False,161153755840,11.248710010319908,1.8903591682419618,2.6666666666666616,0.18587360594795044,5390,339815627.0
267270,HD건설기계,KOSPI,60,-0.013328070171566854,-0.16666666666666663,False,5599941809400,-0.6734006734006703,-19.23340177960301,21.14989733059549,26.33832976445396,118000,34156846825.0
298020,효성티앤씨,KOSPI,60,-0.0005198888011345813,-0.12222222222222218,False,1183621027000,-1.0810810810810811,-26.994680851063833,28.27102803738317,27.674418604651162,274500,4522446525.0
015360,INVENI,KOSPI,60,-0.008475831815509923,-0.0888888888888889,False,387712500000,2.367688022284131,-10.256410256410254,12.55742725880551,19.70684039087949,14700,193291857.5
483650,달바글로벌,KOSPI,60,-0.019529855558679955,-0.09999999999999998,False,2293723911500,-14.895591647331784,24.338983050847453,19.712793733681465,12.102689486552576,183400,26723302420.0
189300,인텔리안테크,KOSDAQ,60,-0.41460547578076073,-0.0222222222222222,False,780616031900,-0.13568521031207537,-36.44214162348878,7.917888563049846,55.110642781875654,73600,3766881415.0
051900,LG생활건강,KOSPI,60,0.7229165870452,-0.1333333333333333,False,4058366733000,10.81632653061224,9.919028340080981,0.5555555555555536,-6.055363321799312,271500,18726485275.0
003720,삼영,KOSPI,60,-0.2593122923279721,-0.14444444444444443,False,219640000000,-1.8209408194233667,-12.211668928086839,6.58978583196046,34.93222106360791,6470,851965838.0
004960,한신공영,KOSPI,60,0.012452540182371066,-0.09999999999999998,False,126120651800,2.814258911819878,-29.6082209377007,8.300395256916993,41.237113402061865,10960,273353253.5
209640,와이제이링크,KOSDAQ,60,-0.41324900882457277,-0.16666666666666663,False,118039055900,4.045512010113783,-4.965357967667439,-8.453837597330372,30.842607313195547,4115,5267881066.75
161000,애경케미칼,KOSPI,60,-0.028626181948847695,-0.03333333333333327,False,529784441010,8.023483365949113,-21.36752136752137,20.392584514721925,10.40000000000001,11040,1488500148.5
039860,나노엔텍,KOSDAQ,60,-0.005908886690170132,-0.0444444444444444,False,173513856415,15.209125475285168,-9.82142857142857,-24.75165562913907,29.119318181818187,4545,1540765947.5
020560,아시아나항공,KOSPI,60,0.1042036270773253,-0.0444444444444444,False,1682944108870,6.338939197930138,18.10344827586208,4.580152671755733,-10.652173913043484,8220,1261559495.0
399720,가온칩스,KOSDAQ,60,-0.10246869961526857,-0.03333333333333327,False,571596280800,29.506008010680908,-21.90016103059581,-8.143939393939393,-4.527559055118113,48500,5541839855.0
190510,나무가,KOSDAQ,59,-0.002365329647144445,-0.16666666666666663,False,224801659320,19.954988747186796,-2.737226277372262,-6.709451575262548,-6.161971830985912,15990,3525240377.5
101170,우림피티에스,KOSDAQ,59,-0.0667012852040197,-0.06666666666666665,False,118530000000,12.676056338028175,-30.1032565528197,-49.30875576036866,77.77777777777777,8800,429893685.0
441270,파인엠텍,KOSDAQ,59,0.05117753473782016,-0.09999999999999998,False,397549735000,26.005361930294903,-0.6342494714587699,-12.962962962962965,-14.855072463768115,9400,14817221377.5
005940,NH투자증권,KOSPI,59,-0.36836135480781196,-0.033333333333333326,False,9950104529750,-14.490445859872613,-10.350584307178634,26.056338028169023,36.780438104941425,26850,11301164825.0
104540,코렌텍,KOSDAQ,59,-0.0017753245125546727,0.06666666666666665,False,69048161500,28.41328413284132,-8.421052631578952,-21.856287425149702,-3.153988868274582,5220,823640557.0
071320,지역난방공사,KOSPI,59,0.18016437610092942,0.12222222222222223,False,920510148000,17.603550295857985,10.570236439499304,-15.961945031712476,-6.690140845070425,79500,974630705.0
404990,신한서부티엔디리츠,KOSPI,59,0.015515422375082553,-0.09999999999999998,False,239732375400,3.7234042553191404,-6.25,7.438016528925617,14.369501466275668,3900,194322637.75
009290,광동제약,KOSPI,59,0.0009379778129616718,0.06666666666666671,False,326188742400,9.302325581395344,-20.81829121540313,12.478632478632479,12.671232876712324,6580,735804127.5
035510,신세계 I&C,KOSPI,59,4.214852607923442e-10,-0.033333333333333326,False,216144714000,20.23346303501945,-18.89763779527559,-6.815440289505426,7.966457023060802,15450,3514848396.5
365270,큐라클,KOSDAQ,59,-0.21800217392557864,0.0,False,226001318400,-11.55172413793103,-26.66190135811294,25.427872860635702,46.57142857142858,10260,538063186.0
419050,삼기에너지솔루션즈,KOSDAQ,59,0.08786535393719024,-0.1777777777777777,False,104097156800,4.899135446685876,19.344262295081972,6.1843640606767725,-13.126491646778039,1820,6248671830.7
018670,SK가스,KOSPI,59,0.06362832157911678,-0.0888888888888889,False,2206080072000,9.610983981693355,-6.4453125,9.360730593607315,0.0,239500,2240939300.0
439580,블루엠텍,KOSDAQ,59,0.003325354572491604,0.07777777777777783,False,100693477325,56.71247357293869,-10.015174506828528,-33.964365256124715,-47.335701598579035,2965,4522796822.85
083650,비에이치아이,KOSDAQ,59,-0.00028385964422002815,-0.18888888888888888,False,1841190312500,10.389610389610393,-35.67567567567568,12.903225806451623,23.70062370062369,59500,28236198230.0
000240,한국앤컴퍼니,KOSPI,59,-0.00037034768117397436,0.12222222222222223,False,2416101858000,-0.3913894324853229,9.698275862068972,1.3944223107569709,11.378555798687096,25450,1622596897.5
026960,동서,KOSPI,58,0.05910917556378437,0.0,False,2761690000000,6.165703275529855,2.226345083487935,5.961538461538463,1.1009174311926495,27550,1550211410.0
058430,포스코스틸리온,KOSPI,58,-0.21119531664787197,-0.1333333333333333,False,275100000000,-8.548707753479123,-3.563941299790352,18.10012836970476,24.156545209176784,4600,1169302341.25
007070,GS리테일,KOSPI,58,3.777666560931507e-05,-0.15555555555555556,False,1851904242250,-11.2,3.4965034965035002,12.348178137651832,28.02768166089966,22200,4551574842.5
067630,HLB생명과학,KOSDAQ,58,-0.017455490838609304,0.0,False,435853482350,14.951768488745977,-6.4136125654450264,-11.290322580645162,8.993902439024382,3575,2814159935.75
115180,큐리언트,KOSDAQ,58,-0.01458920171059334,-0.05555555555555558,False,928970237250,16.50943396226414,-30.61797752808989,-16.129032258064512,34.89896231567449,24700,3439262190.0
016740,두올,KOSPI,58,-0.07319957871788121,-0.25555555555555554,False,113692505160,6.291834002677366,-12.26519337016575,4.74934036939314,15.74344023323615,3970,334098176.75
311320,지오엘리먼트,KOSDAQ,58,-0.0002497654631421452,-0.11111111111111105,False,110755836800,-22.22222222222222,26.724137931034477,21.823204419889496,16.512549537648603,8820,310790296.5
136490,선진,KOSPI,58,0.160746004039522,-0.0222222222222222,False,240411796440,10.58951965065502,1.401401401401392,5.851619644723094,-7.992733878292457,10130,839888931.5
330590,롯데리츠,KOSPI,58,0.16545908984036878,0.06666666666666665,False,1174658513460,13.744740532959332,-12.982832618025753,1.374999999999993,4.375804375804382,4055,593517095.25
002900,TYM,KOSPI,58,0.012275254826904287,-0.1333333333333333,False,266616000000,2.547770700636942,-1.8292682926829285,2.2222222222222143,14.590747330960863,6440,1425330775.5
079160,CJ CGV,KOSPI,58,0.6065228498864571,-0.09999999999999998,False,825430243045,13.220338983050839,7.16577540106953,-13.917525773195871,0.30030030030030463,5010,1860451922.5
004560,현대비앤지스틸,KOSPI,58,-0.02730180383964513,-0.1777777777777777,False,187128044510,7.012987012987004,-19.162851536952253,14.022140221402225,11.051212938005396,12360,548994060.0
248070,솔루엠,KOSPI,58,-0.5186241596999688,-0.05555555555555558,False,798531141200,7.115384615384612,5.3593947036570055,2.8307692307692367,-2.622377622377625,16710,2710238561.0
004370,농심,KOSPI,58,0.2276136367500793,-0.16666666666666669,False,2457387368000,13.399153737658676,9.53678474114441,-6.184364060676783,-10.367892976588633,402000,9671629700.0
102710,이엔에프테크놀로지,KOSDAQ,57,-0.0007015329796194607,-0.06666666666666671,False,697960788600,18.104495747266093,6.4622124863088715,-1.7189079878665359,-21.231766612641813,48600,3104793667.5
006730,서부T&D,KOSDAQ,57,0.004264712906210104,-0.07777777777777778,False,737899076040,11.545988258317031,-12.509593246354566,-10.867865519937448,19.999999999999996,11400,3309926411.5
222420,쎄노텍,KOSDAQ,57,-0.26292667461430225,-0.22222222222222227,False,47595408109,2.298850574712641,-25.267175572519086,17.80986762936221,22.37499999999999,979,238980150.1
053690,한미글로벌,KOSPI,57,0.09331647653998623,-0.2222222222222222,False,226273407500,15.877437325905298,-29.25170068027211,15.491393670183239,1.4634146341463428,20800,5549010965.0
023530,롯데쇼핑,KOSPI,57,-0.617136235663442,-0.18888888888888888,False,2888281885500,-39.151225343693966,2.311557788944718,48.39650145772594,46.264367816091955,101800,16548397010.0
071280,로체시스템즈,KOSDAQ,57,-0.000525051091376625,-0.12222222222222223,False,131856717860,21.720733427362493,15.066666666666674,-5.579868708971558,-34.62121212121212,8630,1278630393.0
003470,유안타증권,KOSPI,57,-0.05330114249655856,-0.15555555555555556,False,838158443700,-6.759656652360513,-3.5516093229744694,19.041095890410965,16.33199464524766,4345,1155598400.75
090710,휴림로봇,KOSDAQ,57,-0.5671309094169372,-0.1555555555555555,False,771155737050,-12.1786197564276,-40.34926470588235,-20.75702075702076,103.44827586206895,6490,7556379855.5
091440,한울소재과학,KOSDAQ,57,0.6324253722237329,-0.033333333333333326,False,103281767940,12.024048096192374,-8.809135399673739,-6.6777963272120155,9.1796875,2795,867896751.5
285130,SK케미칼,KOSPI,57,0.6324033051051088,0.0222222222222222,False,896076078800,23.866348448687358,1.1695906432748648,-21.482602118003026,-10.517241379310349,51900,2913599135.0
000390,SP삼화,KOSPI,57,0.0023147737248254067,-0.0444444444444444,False,191240387070,12.519809825673534,-19.774011299435024,-8.150064683053039,19.327731092436974,7100,529489024.5
027360,아주IB투자,KOSDAQ,57,-0.5362950383407612,-0.1777777777777778,False,477312899640,-13.186813186813184,-55.26613816534541,18.26347305389222,79.13832199546485,3950,13278317756.0
317770,엑스페릭스,KOSDAQ,57,-0.015253157957040433,-0.055555555555555525,False,109881095940,16.40625,-3.5598705501618144,6.238859180035661,-19.784656796769852,2980,404832679.0
123890,한국자산신탁,KOSPI,57,0.23445697984939878,-0.10000000000000003,False,292473683140,8.558558558558559,-5.859375,0.4166666666666652,3.6559139784946293,2410,355812691.25
024060,흥구석유,KOSDAQ,57,0.004181689551769556,0.03333333333333327,False,183750000000,30.678148546824534,-44.81818181818183,3.4953111679454363,-4.709576138147565,12140,58639033793.0
000520,삼일제약,KOSPI,56,0.0008242995832495728,-0.09999999999999998,False,186549574600,26.315789473684205,-11.384615384615381,-12.195121951219512,-14.200595829195628,8640,766480478.0
014620,성광벤드,KOSDAQ,56,0.0007496421610380938,-0.12222222222222223,False,808671733800,11.861313868613133,-22.6010101010101,21.146245059288525,-7.957957957957962,30650,6292072162.5
001800,오리온홀딩스,KOSPI,56,-0.005246518496322912,-0.09999999999999998,False,1377587330800,-8.514851485148512,0.0,15.731462925851702,15.211970074812964,23100,1508100635.0
009160,SIMPAC,KOSPI,56,0.009989257467871214,0.07777777777777778,False,324566856120,5.793991416309008,-5.192307692307696,-2.7613412228796874,10.167597765363134,4930,282939226.25
011930,신성이엔지,KOSPI,56,-0.2187208829863061,0.011111111111111127,False,403889959980,10.654827968923408,-42.119013062409294,23.010487353485498,11.458915595304632,19940,3361237463.0
009240,한샘,KOSPI,56,0.9303464191343743,0.18888888888888883,False,935473638000,17.18518518518519,1.5404364569961526,-12.5,-10.113636363636369,39550,1012210635.0
192080,더블유게임즈,KOSPI,56,-0.3306709986255272,-0.05555555555555558,False,1238647878000,-11.349693251533743,17.24137931034482,6.055045871559628,12.233009708737864,57800,2491722700.0
041190,우리기술투자,KOSDAQ,56,0.012736684825833438,-0.1444444444444445,False,509124000000,32.02883625128734,4.738562091503273,-14.8738379814077,-41.3003663003663,6410,22792425448.0
237880,클리오,KOSDAQ,56,0.3603359416730134,-0.14444444444444443,False,216494808940,18.934911242603558,3.430531732418518,-13.237410071942445,-15.48703573931325,12060,697399573.5
229000,젠큐릭스,KOSDAQ,56,-0.10034794028625794,0.011111111111111072,False,45848918905,-2.1499999999999964,-20.60851926977688,23.939202026599116,13.515081206496514,1957,403184410.65
011780,금호석유화학,KOSPI,56,-0.006708594953779357,-0.09999999999999998,False,2953469955000,1.5557476231633505,-0.4237288135593209,0.25597269624573205,9.506057781919841,117500,9421973670.0
383800,LX홀딩스,KOSPI,56,1.3076645346819549e-05,0.0,False,616347975200,4.6875,-0.7407407407407418,1.132075471698113,2.6819923371647514,8040,570016431.5
014530,극동유화,KOSPI,56,0.0014700119989654945,-0.011111111111111127,False,118032986700,9.693053311793221,-14.375788146279945,4.6224961479198745,2.259036144578319,3395,1842974599.5
900290,GRT,KOSDAQ,56,0.1993398108988803,-0.06666666666666665,False,321384588525,17.369308600337273,-32.947976878612714,-2.1097046413502074,11.897106109324751,3480,919650358.0
089010,켐트로닉스,KOSDAQ,56,-0.20499256050904296,0.033333333333333326,False,470399257350,16.70103092783506,5.009276437847876,-10.015898251192368,-17.00879765395894,28300,3645051177.5
117730,티로보틱스,KOSDAQ,55,-0.09599524960671266,0.0,False,339498547150,12.94910179640718,-16.35254988913526,-25.48148148148148,27.12721145745578,15090,1826433533.5
462860,더즌,KOSDAQ,55,0.10905866356272792,-0.05555555555555558,False,209921701275,40.95238095238096,-7.931570762052875,-26.0,-36.88699360341151,2960,12736127323.25
004690,삼천리,KOSPI,55,0.18766113095450176,-0.011111111111111072,False,466766199900,7.6077768385460764,-7.350800582241634,1.4342629482071656,1.6773162939297093,127300,781966070.0
352090,스톰테크,KOSDAQ,55,0.010994025063127447,0.022222222222222254,False,98892632640,2.506963788300842,1.6574585635359185,4.397163120567371,-0.13568521031207537,3680,190659646.5
241790,티이엠씨씨엔에스,KOSDAQ,55,0.0005095367521871856,-0.1111111111111111,False,64917094660,27.237354085603105,-12.096774193548388,-5.354558610709114,-26.101694915254235,6540,535403915.0
009900,명신산업,KOSPI,55,-0.00398494078868402,-0.1777777777777777,False,447570234490,13.245033112582782,-11.49068322981367,-5.524861878453036,0.9445100354191327,8550,2506175932.0
100840,SNT에너지,KOSPI,55,0.001391418295816829,-0.06666666666666671,False,717328220400,34.4954128440367,-29.654510556621883,1.664355062413314,-31.109022556390975,36650,11382865467.5
005500,삼진제약,KOSPI,55,-0.02750061883253656,-0.0222222222222222,False,254145600000,3.5811177428106244,5.179063360881542,-1.2415933781686483,-1.292657704239919,19090,425051581.5
250060,모비스,KOSDAQ,55,-0.009469485311003162,-0.0222222222222222,False,101017925960,16.483516483516492,-27.314285714285713,-17.295188556566966,21.37404580152671,3180,577141258.5
088800,에이스테크,KOSDAQ,55,-0.16435623002404373,-0.28888888888888886,False,180837909430,27.39872068230278,-40.25,-22.90322580645161,18.02469135802469,2390,1447481630.95
078520,에이블씨엔씨,KOSPI,55,-3.3424138391971e-08,-0.11111111111111105,False,272101343400,5.470249520153558,-3.257042253521125,0.4570383912248621,1.4773776546629813,10990,850825357.5
035810,이지홀딩스,KOSDAQ,55,0.0012425845468817145,-0.0222222222222222,False,292903479900,5.317919075144517,-20.367132867132863,0.8859357696566983,17.852522639068557,4555,576674956.5
293940,신한알파리츠,KOSPI,55,0.017244626844417184,-0.011111111111111127,False,670008281420,6.525911708253362,-2.4604569420035194,-1.245551601423489,-0.5376344086021501,5550,521831463.0
260970,에스앤디,KOSDAQ,55,0.1330409546468193,-0.06666666666666665,False,177615095600,26.708074534161486,11.07078039927405,-15.117891816920947,-41.15384615384615,61200,705231480.0
003240,태광산업,KOSPI,54,9.41395404579967e-05,-0.033333333333333326,False,989812600000,2.764976958525356,-20.640569395017792,18.77496671105192,4.20560747663552,892000,917951900.0
130660,한전산업,KOSPI,54,-0.002694829689500345,-0.06666666666666671,False,402610000000,7.0750647109577125,-33.20775026910656,20.251937984496116,6.615120274914088,12410,9295066634.5
217730,강스템바이오텍,KOSDAQ,54,-0.17340629444719077,-0.14444444444444443,False,210681293760,-11.34615384615385,-32.99418604651163,6.712962962962954,56.69612508497621,2305,541263804.75
082740,한화엔진,KOSPI,54,-0.16026995157818127,-0.18888888888888883,False,4055531101200,-6.896551724137934,6.345733041575485,15.576694411414982,-0.4098360655737654,48600,38005132767.5
054780,키이스트,KOSDAQ,54,-0.00965288682017768,-0.1333333333333333,False,45212923900,57.132768361581924,-14.750957854406133,-35.97122302158273,-56.372549019607845,2225,269477140.1
000640,동아쏘시오홀딩스,KOSPI,54,0.21485237106874205,-0.13333333333333336,False,636897054200,14.130434782608692,1.9417475728155331,-9.655831739961762,-13.509852554891498,94500,936927755.0
034020,두산에너빌리티,KOSPI,54,-0.0664121618092926,-0.09999999999999998,False,51949508940600,-5.56844547563805,-15.734989648033126,8.244680851063823,25.617283950617285,81400,240755003840.0
016610,DB증권,KOSPI,54,-0.00634260301216517,0.0888888888888889,False,445687084500,6.924643584521384,-13.366336633663368,-3.934126258005488,10.294117647058831,10500,578576035.5
267250,HD현대,KOSPI,54,-0.056526431790857166,-0.06666666666666671,False,15877610085000,-2.9055690072639195,-18.163265306122444,8.84907709011944,21.95863746958637,200500,36785171915.0
300720,한일시멘트,KOSPI,54,0.3834728207089367,-0.011111111111111127,False,1180400604450,14.022662889518411,0.1866832607342772,-6.395348837209303,-15.396741986337359,16100,857937536.0
160190,하이젠알앤엠,KOSDAQ,54,-0.012837487235793097,-0.1333333333333333,False,886485600000,50.62111801242235,-13.00448430493274,-51.09243697478991,-30.79667063020214,29100,10273101157.5
017550,수산세보틱스,KOSPI,54,-0.20012994531480865,-0.11111111111111105,False,116187180060,-0.5319148936170248,-6.499999999999995,11.309523809523814,2.5219298245614086,1870,370646211.55
265520,AP시스템,KOSDAQ,54,-0.29818922054844255,-0.11111111111111105,False,310046912600,-1.6666666666666718,6.718346253229979,2.736318407960203,0.0,20650,823193107.0
226320,잇츠한불,KOSPI,54,0.039129620235286176,0.0222222222222222,False,234424377350,10.754912099276105,7.422266800401212,-9.924306139613115,-12.997562956945574,10710,225889937.5
225570,넥슨게임즈,KOSDAQ,54,0.12808875779840195,-0.16666666666666669,False,714582887900,22.75312855517633,-5.0176056338028125,-13.19388576025744,-21.298322392414292,10790,1522734960.5
378340,필에너지,KOSDAQ,53,-0.09059910670233727,0.03333333333333327,False,278123883700,5.405405405405395,-13.33333333333333,6.363636363636371,2.1428571428571352,12870,542218222.5
094170,동운아나텍,KOSDAQ,53,-0.3337549284031591,-0.12222222222222223,False,559340788000,-15.481832543443918,-7.758620689655171,-6.468531468531468,51.12994350282485,26750,2274129832.5
036460,한국가스공사,KOSPI,53,0.03239856679790864,0.0,False,3323268000000,8.308157099697876,3.463203463203457,-6.640625,-7.60309278350515,35850,6512331207.5
037440,희림,KOSDAQ,53,-0.055288654855682455,-0.21111111111111114,False,57430209375,7.792207792207795,-0.8363201911589013,-6.950672645739909,-2.1226415094339646,4150,1158804438.5
060720,KH바텍,KOSDAQ,53,-0.0027888972919286516,-0.0888888888888889,False,274421552780,11.13243761996161,-11.603053435114507,1.668129938542573,-6.838294448913917,11580,1145613940.0
001200,유진투자증권,KOSPI,53,-0.08115088353046108,-0.1777777777777778,False,396183649620,-7.562076749435665,-8.999999999999996,18.181818181818187,11.428571428571432,4095,1771599101.25
003280,흥아해운,KOSPI,53,-0.023843078929545576,-0.05555555555555558,False,445988187645,13.361805979255648,-54.5721271393643,16.855345911949684,16.12499999999999,1858,18344054421.7
005810,풍산홀딩스,KOSPI,53,0.00016037049678524463,-0.11111111111111105,False,530556345600,7.256894049346885,1.6506189821182904,-1.3351134846461998,-10.206561360874844,36950,395062645.0
415640,KB발해인프라,KOSPI,53,0.024776600326098477,-0.033333333333333326,False,1237710034800,-3.4615384615384603,0.8032128514056325,0.40000000000000036,10.087719298245613,10040,2620972771.0
307930,컴퍼니케이,KOSDAQ,53,-0.1505412348764583,-0.1111111111111111,False,100216200000,4.0322580645161255,-12.483039348710989,1.097178683385569,7.14285714285714,6450,291824942.5
071090,하이스틸,KOSPI,53,-5.661074362622243e-07,-0.0222222222222222,False,69559617595,13.628899835796382,-6.864064602960973,-0.4316546762589968,-16.324062877871825,3460,6698616752.5
005490,POSCO홀딩스,KOSPI,53,-0.1363967905978381,-0.11111111111111105,False,24644114897000,-2.6562500000000044,-10.359712230215823,4.705882352941182,14.102564102564097,311500,68431563250.0
015590,DKME,KOSPI,53,-0.102918485200488,-0.06666666666666665,False,127884157660,12.796208530805696,-7.572815533980581,-7.572815533980581,-7.572815533980581,2380,312488559.5
264660,씨앤지하이테크,KOSDAQ,53,-0.02733399578700563,-0.011111111111111127,False,147178544080,14.946889226100147,-5.371642723297942,-11.351667641895846,-10.7773851590106,15150,412176469.0
067390,아스트,KOSDAQ,52,-0.00036191047849760656,-0.07777777777777778,False,238796342190,9.596928982725528,-20.69444444444445,-3.7099494097807773,7.532956685499048,5710,518281262.0
432720,퀄리타스반도체,KOSDAQ,52,-0.19407759888239182,-0.0222222222222222,False,171669621200,32.42655059847661,-14.174894217207335,-20.92267706302794,-27.473182359952318,12170,2649723602.5
018000,유니슨,KOSDAQ,52,0.3329720959218735,-0.0444444444444444,False,331904031549,18.341968911917107,-32.10463733650416,-9.220985691573924,6.728971962616814,1142,1783952834.5
277810,레인보우로보틱스,KOSDAQ,52,-0.4090151092073672,0.0222222222222222,False,8720236171000,-8.934010152284266,-16.94444444444444,-9.118541033434646,45.853658536585364,448500,29431488250.0
048410,현대바이오,KOSDAQ,52,-0.3821381028973288,-0.14444444444444443,False,680364282600,-11.940298507462687,-45.53846153846154,37.7431906614786,33.58490566037735,7080,10738783525.5
053300,한국정보인증,KOSDAQ,52,7.392545780932684e-06,-0.07777777777777778,False,205343107740,20.045558086560366,-5.045045045045049,-14.72491909385113,-18.92307692307692,5270,2820553319.5
054950,제이브이엠,KOSDAQ,52,0.16071295117075474,0.011111111111111127,False,295597859400,12.993039443155464,0.2057613168724215,-4.509803921568622,-20.29459901800328,24350,341419700.0
0120G0,삼양바이오팜,KOSPI,52,-0.0033229382076329626,-0.12222222222222223,True,359896108000,1.148225469728592,-54.592314901593255,-6.826923076923075,60.430463576158935,48450,1723319695.0
476060,온코닉테라퓨틱스,KOSDAQ,52,-0.0004322980281567189,-0.18888888888888888,False,713357166400,24.208860759493668,-22.66009852216748,-20.946626384692845,-3.6809815950920255,15700,4664343145.0
068270,셀트리온,KOSPI,52,0.0415501211194719,-0.16666666666666663,False,42475896337600,-0.5446623093681935,-1.9086450392956311,-5.396443818129071,9.220324789903401,182600,69729488155.0
039830,오로라,KOSDAQ,52,-0.03213924600598044,-0.18888888888888888,False,169085001900,-21.813725490196077,67.89473684210525,12.323943661971825,-35.94377510040161,15950,816835200.5
007980,TP,KOSPI,52,-4.398255295550471e-05,-0.09999999999999998,False,83805564450,4.606413994169101,1.0704225352112573,-7.094769549456236,-3.0270270270270294,1794,292633837.65
033170,시그네틱스,KOSDAQ,52,-0.1617434022215881,-0.16666666666666669,False,52808642040,34.56521739130434,-10.289855072463771,-24.51219512195122,-34.218916046758764,3095,1210754870.45
090350,노루페인트,KOSPI,52,0.050961638201004876,-0.011111111111111072,False,162000000000,8.7248322147651,-3.57142857142857,-3.686087990487519,-10.596026490066224,8100,203508202.0
009420,한올바이오파마,KOSPI,52,-0.03959831859415058,-0.15555555555555556,False,2408293411800,-21.753794266441815,-1.381509032943673,9.952606635071092,34.4927536231884,46400,11865816887.5
330350,위더스제약,KOSDAQ,51,0.04081765380835378,-0.03333333333333327,False,95697680000,13.880126182965302,-14.454976303317535,-17.48571428571428,3.735632183908044,7220,3304028250.5
383220,F&F,KOSPI,51,-0.19495038192061598,0.06666666666666671,False,2670003127500,-12.515802781289509,13.256955810147296,4.3740573152337925,6.955177743431218,69200,3335074600.0
011500,한농화성,KOSPI,51,-0.13612526639701436,0.0,False,230802739920,8.698830409356727,-27.463414634146343,3.192227619708543,6.29020729092209,14870,884726227.5
232680,라온로보틱스,KOSDAQ,51,-0.26626082542834295,-0.03333333333333327,False,144506750000,13.079299691040159,-24.536082474226806,-24.639670555936853,21.999999999999996,10980,1038541620.0
011300,우성머티리얼스,KOSPI,51,0.044190309997158665,0.0,False,49303268300,27.65486725663717,-10.403726708074535,-18.502824858757062,-27.875000000000007,2885,310664854.25
003200,일신방직,KOSPI,51,0.017848391252106126,-0.09999999999999998,False,247968000000,5.882352941176472,-10.447761194029848,-9.849749582637735,6.930693069306937,10800,1399325278.0
234300,에스트래픽,KOSDAQ,51,0.012011197578630799,0.05555555555555558,False,88425285000,14.059753954305808,-2.9895366218236186,-9.861111111111109,-17.53494282083863,3245,555432275.5
032190,다우데이타,KOSDAQ,51,0.0074977636142832755,-0.11111111111111116,False,724636000000,1.2312633832976427,-16.141906873614186,2.493224932249327,8.491107286288013,18910,999760994.0
204320,HL만도,KOSPI,51,-0.1132570168560414,-0.0444444444444444,False,2214028208000,-6.150793650793651,-2.171664943123064,-27.675840978593268,39.32253313696612,47300,11939235157.5
032640,LG유플러스,KOSPI,51,-0.010971180828259942,-0.1777777777777777,False,6175423500600,2.605633802816909,-4.957599478147423,0.970200970200974,-4.144736842105267,14570,12743379283.5
416180,신성에스티,KOSDAQ,51,-0.006763392744029438,-0.0222222222222222,False,237746161400,28.32929782082325,-19.575113808801213,-17.573872472783826,-22.514619883040933,26500,836780920.0
448730,삼성FN리츠,KOSPI,51,-0.0022403751791731314,0.08888888888888885,False,457981500000,-8.394160583941602,-6.517690875232773,6.0190073917634646,14.090909090909086,5020,581509797.25
091120,이엠텍,KOSDAQ,51,0.034600009972116055,0.011111111111111127,False,98514382000,39.348370927318285,-10.897435897435892,-31.44266337854501,-39.69631236442517,5560,186283322.25
119610,인터로조,KOSDAQ,51,-0.30675506548058024,-0.05555555555555558,False,192778186830,6.687500000000002,-17.734939759036138,5.631188118811892,-4.636871508379892,17070,531643570.0
008490,서흥,KOSPI,51,0.08965028385800648,-0.03333333333333327,False,236009905200,5.8394160583941535,12.092766427388192,-5.581395348837215,-21.923076923076923,20300,288769821.0
099190,아이센스,KOSDAQ,50,0.0001940684125476986,-0.1777777777777777,False,496540962270,5.691056910569103,-7.901907356948223,5.295950155763229,-13.155190133607398,16900,600407333.0
101490,에스앤에스텍,KOSDAQ,50,-0.42858641835278066,0.0222222222222222,False,1130748587000,7.537688442211055,-30.878552971576223,4.2884990253411415,6.7864271457085845,53500,11823226142.5
008260,NI스틸,KOSPI,50,0.19787443611688502,-0.11111111111111116,False,95095389025,6.913183279742774,-6.8627450980392135,-4.864091559370531,-7.1229050279329575,3325,275223691.25
007540,샘표,KOSPI,50,0.10713093732776376,-0.1444444444444445,False,94122355600,7.754629629629628,-11.333333333333329,-4.316546762589923,-4.902962206332995,46550,4111780665.0
456040,OCI,KOSPI,50,-0.47665079904879326,-0.06666666666666671,False,662484630000,-19.8051948051948,-22.89281997918835,26.2350936967632,30.687830687830697,74100,2245526160.0
214320,이노션,KOSPI,50,-0.08089985930214127,-0.30000000000000004,False,724400000000,-3.5013262599469464,2.076318742985417,-0.6010928961748596,-0.05494505494505475,18190,971388432.0
004360,세방,KOSPI,50,0.002336623652174865,0.09999999999999998,False,257104860350,5.73899371069182,-10.749834107498346,-4.202279202279202,-2.1106259097525504,13450,191252987.0
016580,환인제약,KOSPI,50,5.048004692316789e-05,0.0,False,190650717500,4.089979550102241,-1.9267822736030782,-6.261510128913439,-5.914972273567464,10180,270972323.0
078130,국일제지,KOSDAQ,50,-0.027859567004241328,0.011111111111111127,False,417140171900,-7.384230287859827,15.987460815047028,6.936416184971095,-14.35185185185185,3700,266442658.5
002840,미원상사,KOSPI,50,0.3403618609005175,0.04444444444444445,False,604350000000,7.869634340222587,0.9672619047619069,-9.773936170212771,-13.401403956604973,135700,284178880.0
145990,삼양사,KOSPI,50,0.1585349614678039,0.055555555555555525,False,477512688700,1.8722466960352513,1.9845644983461863,-1.7003188097768351,-10.541586073500964,46250,470066557.5
030610,교보증권,KOSPI,50,-0.04688314060934062,-0.11111111111111116,False,1129372943510,-3.6714975845410613,-14.49399656946827,6.289978678038377,8.961748633879774,9970,390683865.5
003650,미창석유,KOSPI,50,0.017183348681617437,-0.011111111111111127,False,213979656000,-10.998552821997109,4.7700170357751315,-2.4583663758921515,13.051470588235304,123000,287246195.0
393210,토마토시스템,KOSDAQ,50,-0.02256107582606101,-0.1555555555555555,False,53557885920,44.42105263157894,-16.23931623931624,-34.541984732824424,-44.76650563607085,3430,8309823339.05
320000,한울반도체,KOSDAQ,49,-0.1494655607848209,-0.2333333333333334,False,70934254200,-15.094339622641506,41.50943396226414,-8.463783496948796,-9.662215239591522,10350,2804158715.0
104700,한국철강,KOSPI,49,0.21853153060165534,-0.0222222222222222,False,340807500000,2.176278563656142,0.0,-4.18367346938775,-7.029702970297025,9390,265956936.5
101730,위메이드맥스,KOSDAQ,49,0.1720424648604796,-0.22222222222222227,False,386752164890,26.430517711171664,-1.7989417989418,-27.83825816485226,-30.53892215568862,4640,2953575210.25
003230,삼양식품,KOSPI,49,0.2358826359148679,-0.1777777777777777,False,9122481165000,9.36093609360935,-2.0161290322580627,-4.7805642633228835,-19.483101391650102,1215000,61650831100.0
027710,팜스토리,KOSDAQ,49,0.013490067619978912,-0.0222222222222222,False,124675175400,8.54368932038836,-17.18518518518518,-2.44328097731239,-5.093378607809851,1118,292183837.65
024720,콜마홀딩스,KOSPI,49,0.3008842165152883,-0.06666666666666671,False,318612246110,7.772621809744784,7.52314814814814,-5.397148676171081,-25.560897435897434,9290,198349734.5
322510,제이엘케이,KOSDAQ,49,0.05082060026003534,-0.18888888888888888,False,132231084880,21.98581560283688,-26.285714285714292,-13.277310924369745,-12.393887945670624,5160,792533785.0
016360,삼성증권,KOSPI,49,-0.5991066848883989,-0.12222222222222223,False,8072720000000,-24.18136020151134,-3.3190578158458273,18.972332015810277,24.723756906077355,90300,24208091265.0
083930,아바코,KOSDAQ,49,-0.010699818453205199,-0.06666666666666671,False,185667199850,13.392857142857139,-3.7878787878787845,-8.960573476702505,-22.702373706634205,12700,376238916.5
094970,제이엠티,KOSDAQ,49,-0.016687143852718047,-0.011111111111111127,False,48234931200,1.0563380281690238,-11.28284389489954,5.128205128205132,-4.651162790697672,2870,183390005.75
025900,동화기업,KOSDAQ,49,-0.01006658161878955,-0.06666666666666671,False,375135054700,22.532894736842103,-27.387914230019494,-11.097852028639622,-15.43700340522134,7450,457331073.0
023590,다우기술,KOSPI,49,0.0022025514390739877,-0.12222222222222218,False,1642753490400,2.016129032258074,-14.62317210348706,-4.1666666666666625,5.710306406685239,37950,1622385672.5
013580,계룡건설,KOSPI,49,0.05731235984264254,0.011111111111111127,False,192461045850,-5.689277899343548,-14.822134387351781,6.157635467980294,10.96807415036045,21550,1542444127.5
373220,LG에너지솔루션,KOSPI,49,-0.04787982275671922,-0.011111111111111127,False,86814000000000,1.7931034482758568,-7.402760351317439,2.216066481994461,-7.518796992481203,369000,100981524975.0
274090,켄코아에어로스페이스,KOSDAQ,49,-0.3573240560877339,-0.09999999999999998,False,185676310360,13.554987212276215,-31.832139201637666,-28.8081239978621,24.369747899159666,13320,14508806335.0
216080,제테마,KOSDAQ,48,0.32972355318223423,-0.1777777777777777,False,223722594000,8.258527827648109,-21.073298429319376,-3.21027287319422,-1.4705882352941124,6030,1622877384.0
056090,시지메드텍,KOSDAQ,48,-0.05849480421695238,0.0,False,122878252840,13.658070678127988,-44.907407407407405,-4.417670682730924,12.58278145695364,1190,353075631.8
372910,한컴라이프케어,KOSPI,48,0.0016543915896163096,0.0444444444444444,False,59223228840,24.927028604786926,-7.758620689655171,-28.903654485049834,-22.882882882882882,2140,2547783908.2
488900,비츠로넥스텍,KOSDAQ,48,-0.002174407239429436,-0.08888888888888885,True,334388152220,38.433734939759034,-36.16666666666667,-40.34267912772586,-10.304449648711945,11490,1427372662.0
004020,현대제철,KOSPI,48,-0.009753661718263,-0.09999999999999998,False,4003373550000,6.548672566371683,-12.116788321167881,-1.6339869281045805,-9.337349397590366,30100,26046782090.0
039560,다산네트웍스,KOSDAQ,48,-0.26542134188132754,-0.2,False,128450961660,19.246031746031743,-40.72978303747534,-7.538461538461538,-0.3316749585406287,3005,856519598.25
042600,새로닉스,KOSDAQ,48,-0.02257610714461606,-0.16666666666666663,False,138398614360,3.7986704653371284,-40.20787746170679,-9.444904722452364,31.84559710494572,10930,207505321.0
035600,KG이니시스,KOSDAQ,48,0.0169826084702406,-0.1444444444444445,False,268655731500,2.5130890052355914,-4.85908649173955,-3.736479842674534,-6.761904761904757,9790,340218335.5
065710,서호전기,KOSDAQ,48,0.006607319703505306,-0.15555555555555556,False,223252500000,-3.2366071428571397,0.5800464037122977,-13.817097415506963,9.331651954602771,43350,322943480.0
148150,세경하이테크,KOSDAQ,48,0.09061541237826255,-0.05555555555555558,False,142882128360,28.27476038338659,-10.97560975609756,-23.231357552581265,-32.747068676716914,4015,283445494.25
012330,현대모비스,KOSPI,48,-0.6206765498197047,-0.18888888888888883,False,34446194347500,-21.963562753036435,-0.7722007722007707,4.471544715447151,29.7979797979798,385500,106607239100.0
089980,상아프론테크,KOSDAQ,48,-0.1497067087315661,0.0,False,263979000870,6.1776061776061875,-26.991150442477874,5.162523900573612,-1.0197960407918427,16500,696014147.0
037710,광주신세계,KOSPI,48,-0.00882984849909532,-0.1333333333333333,False,260849282400,-12.724935732647813,-4.366197183098597,7.777777777777772,11.311475409836058,33950,678771937.5
014280,금강공업,KOSPI,48,0.007323031115574593,0.055555555555555525,False,135794922910,9.747292418772568,-6.26927029804728,-19.29203539823009,-4.702194357366773,4560,4304276750.0
011690,와이투솔루션,KOSPI,48,-0.26060878255411113,-0.0888888888888889,False,137253369880,8.151382823871911,-32.45454545454546,-10.80432172869148,15.732087227414326,3715,531434598.5
005380,현대차,KOSPI,47,-0.6894201530865816,-0.19999999999999996,False,70501139478000,-29.471544715447152,-26.326963906581746,16.24790619765495,57.72727272727274,347000,167437855575.0
006980,우성,KOSPI,47,-0.013774062291022352,-0.16666666666666663,False,52035600000,1.1438892233594178,-16.209476309226932,4.153750774953502,-1.6393442622950838,16800,187488118.5
024110,기업은행,KOSPI,47,-0.005287577923877293,-0.033333333333333326,False,16108002553800,-4.694835680751175,-4.918032786885251,-2.168674698795181,4.909560723514206,20300,17479927775.0
138360,앤로보틱스,KOSDAQ,47,-0.6157138544218139,-0.1333333333333333,False,125186908082,-37.17439293598234,-30.922330097087382,8.958652373660026,84.56549935149158,1423,897931377.05
094820,일진파워,KOSDAQ,47,-0.07142247959630592,-0.09999999999999998,False,182452378900,-0.5695687550854367,-27.90560471976401,-4.081632653061229,20.870425321463905,12220,1206113930.5
318160,셀바이오휴먼텍,KOSDAQ,47,0.6447650885015492,0.04444444444444445,False,62841462490,15.358931552587652,2.980625931445613,-19.369894982497083,-27.415966386554626,6910,318847528.5
061090,세나테크놀로지,KOSDAQ,47,-0.001074550242046663,-0.19999999999999996,True,228270212500,16.619718309859156,9.379128137384418,-7.38255033557047,-48.3790523690773,41400,602664440.0
489500,엘케이켐,KOSDAQ,47,-0.17469208593401406,-0.11111111111111116,False,155626645300,15.876777251184837,-23.593750000000004,-32.27146814404433,10.633484162895934,24450,342961558.5
002790,아모레퍼시픽홀딩스,KOSPI,47,0.4459440860812137,-0.07777777777777783,False,1934391954000,5.41666666666667,-7.155963302752289,-12.758620689655176,-4.528301886792452,25300,2906106820.0
125210,아모그린텍,KOSDAQ,47,-0.3907680042241937,-0.0222222222222222,False,108218942400,1.0752688172043001,-20.04860267314702,6.645056726094012,-2.51851851851852,6580,1455980061.0
092200,디아이씨,KOSPI,47,-0.10313970377280737,-0.16666666666666663,False,223220386060,20.964360587002105,-28.322981366459633,-60.5604921394395,32.643678160919535,5770,1188202236.0
012800,대창,KOSPI,47,-0.04738745088785401,-0.06666666666666671,False,109368598800,4.12017167381975,-9.410007468259895,-7.404580152671758,-5.89604344453064,1213,360708467.6
024740,한일단조,KOSDAQ,47,-0.018478730670857937,-0.12222222222222223,False,73689389760,7.177033492822971,-30.65015479876161,3.703703703703698,-1.969365426695846,2240,434632359.5
382900,범한퓨얼셀,KOSDAQ,47,-0.07660827320280701,-0.05555555555555558,False,218586950000,4.592901878914413,-12.259194395796847,-3.8387715930902067,-7.734806629834257,25050,6279821734.0
009450,경동나비엔,KOSPI,46,-0.10041095671169342,0.0222222222222222,False,893054689600,-3.0063291139240556,-2.388535031847139,9.464285714285726,-15.796703296703296,61300,1737526740.0
344820,KCC글라스,KOSPI,46,0.0237418133953542,-0.13333333333333336,False,387284916000,3.87931034482758,-3.792415169660679,-7.839388145315485,-11.070110701107016,24100,310464705.0
058860,KTis,KOSPI,46,-0.002240401514677429,-0.06666666666666665,False,89615150000,1.7716535433070835,-6.000000000000005,-4.436229205175602,-8.657243816254411,2585,821220911.25
084730,팅크웨어,KOSDAQ,46,-0.02439351673012611,-0.022222222222222254,False,77543779520,14.262295081967213,-13.41614906832298,-9.831824062095729,-20.885357548240634,6970,1228285813.0
033530,SJG세종,KOSPI,46,-3.3529764384315604e-10,-0.09999999999999998,False,184496679180,7.923930269413626,-6.198347107438018,-34.20289855072463,8.785942492012788,6810,217722016.5
241520,DSC인베스트먼트,KOSDAQ,46,-0.36369583694290014,-0.05555555555555558,False,225568000000,-4.57589285714286,-35.56895252449134,15.540540540540547,13.395225464190986,8550,868246123.0
348340,뉴로메카,KOSDAQ,46,-0.5244803080407066,-0.2,False,522007855200,-5.042016806722693,-37.804441753584506,4.330163419813493,27.741352023513443,22600,6824158111.0
003850,보령,KOSPI,46,-4.110216005063579e-12,-0.06666666666666671,False,722328282940,0.591715976331364,-6.9003285870755775,-9.090909090909093,-1.0477299185098987,8500,1013996065.5
030200,KT,KOSPI,46,-0.007206247125771334,0.05555555555555558,False,13079925451500,-3.165735567970207,-12.605042016806722,1.3645224171539905,1.5625,52000,13369315800.0
183190,아세아시멘트,KOSPI,46,0.08948458507192196,0.0,False,363380547200,8.877005347593592,-2.9551954242135414,-15.16666666666666,-15.72847682119205,10180,365835993.0
455900,엔젤로보틱스,KOSDAQ,46,-0.020563201178492595,-0.011111111111111127,False,334027687700,18.492407809110635,-14.980544747081714,-30.191693290734822,-8.577405857740583,21850,980638080.5
047810,한국항공우주,KOSPI,46,-0.19723656055572636,-0.011111111111111127,False,13012926784500,-14.878671775223495,-26.998904709748082,14.126712328767121,25.754716981132077,133300,30338099265.0
045970,코아시아,KOSDAQ,46,-0.012224578252803165,0.0222222222222222,False,101180698220,38.87884267631103,-19.327731092436974,-35.89315525876461,-39.43217665615142,3840,191056335.75
002310,아세아제지,KOSPI,46,0.08521771252817525,-0.0888888888888889,False,311256633900,-1.8633540372670843,-14.59459459459459,1.5424164524421524,-0.12642225031606058,7900,576470052.0
140410,메지온,KOSDAQ,46,0.13098134017366594,-0.06666666666666671,False,2082273832000,13.522537562604331,-21.29629629629629,-30.612244897959183,7.9365079365079305,68000,6952850285.0
192400,쿠쿠홀딩스,KOSPI,45,0.28125660884263437,0.05555555555555558,False,956622776500,4.863813229571989,-2.5316455696202556,-6.5857885615251295,-18.085106382978722,26950,294283435.0
115450,HLB테라퓨틱스,KOSDAQ,45,-0.045514478103783,-0.1333333333333333,False,233867736180,14.71264367816092,-17.109634551495013,-15.509651202167285,-14.4082332761578,2495,1042542449.45
142280,녹십자엠에스,KOSDAQ,45,-0.07927475698505482,-0.1444444444444445,False,79677078075,12.816188870151768,-9.103260869565222,-18.014705882352942,-16.374999999999996,3345,3708985403.75
156100,엘앤케이바이오,KOSDAQ,45,5.357399928243039e-06,0.011111111111111072,False,138800660130,37.17391304347826,-18.894601542416456,-52.59203606311045,-20.7286432160804,6310,1352419133.5
066980,한성크린텍,KOSDAQ,45,-0.26516864983273636,0.0,False,81893542169,-33.03964757709251,14.716981132075468,19.215686274509803,13.772455089820369,1520,356881502.95
372170,윤성에프앤씨,KOSDAQ,45,-0.003204564574018782,-0.11111111111111105,False,175539056000,28.86297376093294,-22.86212914485166,-22.591943957968475,-30.72100313479624,22100,234504025.0
123410,코리아에프티,KOSDAQ,45,-0.006918942889324048,0.05555555555555558,False,165932741440,9.724770642201829,-11.144130757800896,-26.80538555691554,-0.33333333333332993,5980,331363143.5
069080,웹젠,KOSDAQ,45,0.009878312173576041,0.05555555555555558,False,362618593250,1.1235955056179803,-3.0654515327257714,-9.930715935334877,-8.235294117647063,11700,892257994.5
489790,한화비전,KOSPI,45,-0.2431240548695722,-0.06666666666666671,False,2574907890000,0.982318271119853,-29.298486932599722,11.617806731813252,-3.383458646616544,51400,8040782567.5
009410,태영건설,KOSPI,45,-0.002919939804771243,0.0,False,515277909981,-4.609101516919489,-9.26748057713651,-3.3687943262411313,2.507836990595602,1635,470345966.2
357580,아모센스,KOSDAQ,45,-0.3138371099723182,-0.0222222222222222,False,93139119800,15.549215406562045,-56.42818719741797,17.052023121387293,-11.572052401746724,8100,2799100646.0
083500,에프엔에스테크,KOSDAQ,45,-0.5283592393449195,-0.0444444444444444,False,121106976660,-3.293807641633728,-4.052287581699343,-5.045278137128073,-4.489264801561488,14680,805878828.5
030000,제일기획,KOSPI,45,-0.002554413235142676,-0.03333333333333327,False,2151270907500,-0.6352567496029637,-2.188639916623236,-9.976019184652273,-7.308641975308639,18770,7847857591.0
263800,데이타솔루션,KOSDAQ,45,0.00011255458387219772,-0.11111111111111105,False,76340412900,-0.10615711252653925,7.665903890160175,-10.038240917782026,-18.17391304347826,4705,870397886.25
000540,흥국화재,KOSPI,44,0.0009066022618406344,-0.0888888888888889,False,218103779775,6.346749226006199,-17.82296650717703,-3.6465638148667656,-12.260536398467437,3435,327923169.0
099750,이지케어텍,KOSDAQ,44,0.0006134243780652575,-0.10000000000000003,False,99985146360,14.10658307210031,-18.477043673012318,-19.911991199119917,-11.1328125,7280,1290322677.0
067280,멀티캠퍼스,KOSDAQ,44,-7.927500367289466e-05,-0.12222222222222223,False,155281609800,9.355509355509351,-4.189435336976322,-15.434083601286176,-20.423600605143722,26300,238341690.0
226590,엠디바이스,KOSDAQ,44,-0.05969179676971344,-0.04444444444444445,False,161180431360,22.1411192214112,-38.53061224489795,-3.523382447149259,-23.630831643002026,15060,1042314781.5
065440,이루온,KOSDAQ,44,-0.3960325361231512,-0.1555555555555555,False,44076432320,5.541069100391138,-43.588850174216034,9.98641304347827,0.8722741433021763,1619,910609088.0
950220,네오이뮨텍,KOSDAQ,44,0.03287295435671992,-0.0888888888888889,False,67910502400,50.03767897513187,-21.92156862745098,-53.37236533957845,-46.47849462365592,1991,994693304.35
003580,HLB글로벌,KOSPI,44,0.019094574272356474,-0.011111111111111072,False,89725067355,14.294830887045308,-11.1166253101737,-26.296296296296294,-13.058252427184469,1791,951247186.15
005680,삼영전자,KOSPI,44,-0.16307868770053383,-0.011111111111111072,False,251400000000,-20.69400630914826,-18.003913894324853,20.865384615384606,16.604823747680886,12570,268242396.5
000070,삼양홀딩스,KOSPI,44,0.13902918584635887,-0.033333333333333326,False,446383482500,-0.3478260869565264,-13.313161875945534,0.5263157894736858,-8.747790358797957,57300,357149130.0
020710,시공테크,KOSDAQ,44,-0.005108091775261515,-0.04444444444444445,False,72774131100,2.1126760563380254,-9.825870646766166,-10.824108241082408,-5.844155844155841,3625,1118752151.25
001360,삼성제약,KOSPI,44,-0.029238430980012275,-0.0888888888888889,False,134934259207,6.231671554252194,-19.23076923076923,-6.516129032258067,-9.153605015673982,1449,556305652.1
217820,원익피앤이,KOSDAQ,44,-6.1992312475179e-06,-0.09999999999999998,False,113890941600,25.587467362924276,-19.02356902356902,-40.17412935323384,-14.56483126110124,2405,2797147410.0
034310,NICE,KOSPI,44,0.01787303249462273,-0.14444444444444443,False,431529023180,4.119193689745826,-10.542168674698793,-6.750392464678178,-13.725490196078427,11880,347938262.0
255440,야스,KOSDAQ,44,-0.041741629954094854,-0.11111111111111105,False,111907060000,8.629441624365475,-19.92516370439663,-20.37209302325581,0.11695906432749315,8560,557204500.0
205500,넥써쓰,KOSDAQ,44,-0.008652703270963144,0.09999999999999998,False,154171515465,10.361445783132538,12.807881773399021,-17.291196388261852,-39.23714759535655,1832,267175607.25
102260,동성케미컬,KOSPI,43,-0.002450670890602988,0.033333333333333326,False,189504270340,4.022191400832176,-10.71428571428571,-9.638554216867467,-10.8416547788873,3750,247027261.5
213500,한솔제지,KOSPI,43,0.4824153230556488,-0.10000000000000003,False,171840158720,9.711684370257956,-16.125290023201856,-11.829268292682926,-14.639905548996456,7230,196478828.0
300080,플리토,KOSDAQ,43,0.09929055050987293,-0.1555555555555555,False,150436204100,26.249999999999996,-18.839285714285715,-46.40330188679245,-10.443349753694587,9090,668459146.0
037070,파세코,KOSDAQ,43,-0.007446629942793938,0.0444444444444444,False,135800000000,-0.8784773060029227,-21.461716937354993,-14.41213653603034,14.358108108108114,6770,414853093.0
253840,수젠텍,KOSDAQ,43,-0.013604451110642209,-0.1777777777777778,False,77018720000,20.767195767195766,-0.3275109170305712,-29.00466562986003,-35.5225988700565,4565,826994929.75
033270,유나이티드제약,KOSPI,43,-2.5151088750288582e-05,-0.14444444444444443,False,278915885750,1.379310344827589,-11.799999999999999,-7.060063224446789,-7.49868904037756,17640,521104461.5
293490,카카오게임즈,KOSDAQ,43,0.002586374158764652,0.0,False,1082396987100,29.681528662420376,-13.582342954159587,-33.85315139701105,-35.853812224322624,10180,3003676515.0
102460,이연제약,KOSPI,43,-0.004153817206521307,-0.05555555555555558,False,188098527320,-0.3933136676499527,0.5958291956305928,-8.408679927667272,-15.371762740183792,10130,213773172.0
484810,티엑스알로보틱스,KOSDAQ,43,0.007069977395738554,-0.2888888888888889,False,189891745350,20.882352941176464,-22.647427854454204,-24.448529411764707,-19.200524246395812,12330,3040656349.5
126720,수산인더스트리,KOSPI,43,-0.09820626377816452,-0.1444444444444445,False,307149000000,-3.5955056179775235,-23.25581395348837,2.877697841726623,2.877697841726623,21450,490160475.0
474650,링크솔루션,KOSDAQ,43,-0.2854618222594113,-0.15555555555555556,False,169434154900,6.093189964157708,-51.15511551155115,-46.666666666666664,60.86956521739131,29600,1021801700.0
095570,AJ네트웍스,KOSPI,43,-0.0020415866691668766,-0.1111111111111111,False,194134336110,-1.0404624277456698,-16.731517509727624,-6.855277475516863,0.8244994110718551,4280,306120085.75
418420,라온텍,KOSDAQ,43,-0.2291110715537553,-0.07777777777777778,False,130791871500,8.723135271807836,-24.295774647887324,-7.5268817204301115,-10.509885535900098,4300,616297565.0
004000,롯데정밀화학,KOSPI,43,-0.060680222160744174,-0.16666666666666663,False,1105530000000,-4.352678571428569,-9.119830328738065,-0.2328288707799775,-6.8478260869565215,42850,2193987485.0
009520,포스코엠텍,KOSDAQ,43,-0.06943884635414303,-0.0888888888888889,False,546352263360,9.0311986863711,-26.75124103695532,-13.202614379084965,-3.1363967906637535,13280,1761518091.0
353810,이지바이오,KOSDAQ,42,-0.00820584115870761,-0.0888888888888889,False,201468892800,-4.113924050632911,-18.87550200803213,4.123711340206193,-2.100161550888535,6060,408124792.0
058730,다스코,KOSPI,42,0.027708571803580336,-0.06666666666666671,False,64398978180,-8.36940836940837,-15.446071904127834,-5.925925925925924,12.98932384341638,3175,2349169690.75
026940,부국철강,KOSPI,42,-0.008163696473473295,-0.07777777777777772,False,42400000000,-11.715481171548115,3.6855036855036882,2.1791767554479424,-8.061002178649234,2110,1684735282.75
012610,경인양행,KOSPI,42,-0.26307565565556,-0.05555555555555558,False,141079477350,2.0895522388059806,-14.500000000000002,-31.73652694610778,15.736040609137047,3420,351268191.75
008420,문배철강,KOSPI,42,-0.0003995657734584473,-0.16666666666666669,False,42544772875,-4.576659038901598,-6.711409395973156,-0.7142857142857117,-9.935205183585316,2085,394663876.25
151860,KG에코솔루션,KOSDAQ,42,0.0003379440278647956,-0.11111111111111105,False,254676060700,-2.877697841726623,-12.337662337662337,-1.8181818181818188,-6.735751295336789,5400,526748506.5
383310,에코프로에이치엔,KOSDAQ,42,-0.4494320310778631,-0.15555555555555556,False,522275806800,-13.111888111888115,-15.18771331058021,6.423982869379019,8.278867102396514,24850,3080682240.0
064550,바이오니아,KOSDAQ,42,0.0859973921149181,-0.23333333333333334,False,221194193870,30.395136778115493,-17.18146718146718,-32.38770685579196,-38.05054151624548,8580,6193510333.0
388720,유일로보틱스,KOSDAQ,42,-0.20186397741922793,-0.07777777777777778,False,835297360500,1.0000000000000009,-17.40654205607477,-14.819277108433738,3.3625730994152114,70700,2191626560.0
006800,미래에셋증권,KOSPI,42,-0.6736955574475268,-0.18888888888888888,False,17186616264150,-26.08187134502924,-49.920760697305866,28.753616102350964,46.25566972137369,31600,31917221735.0
493330,지에프아이,KOSDAQ,42,-0.0015321054720220486,-0.07777777777777783,True,100815493020,15.740740740740744,2.4590163934426146,-30.516953863257367,-30.516953863257367,12500,939433441.0
138930,BNK금융지주,KOSPI,42,-0.13158011140475354,0.03333333333333327,False,4891025630940,-14.696485623003197,-8.977272727272723,1.8436109345200347,9.053778080326747,16020,16682513122.5
200880,서연이화,KOSPI,42,-0.026023378321876726,-0.19999999999999996,False,303799631880,-1.5706806282722474,-14.155251141552515,-13.230769230769235,2.9197080291970767,11280,282775298.5
318060,그래피,KOSDAQ,42,-0.2301901458974997,-0.1777777777777777,False,181013076090,-1.6333938294010864,-58.62595419847329,-42.544169611307424,76.7391304347826,16260,759236851.0
060980,HL홀딩스,KOSPI,41,-0.05972243555471325,-0.07777777777777778,False,343923724800,-0.7761966364812412,-6.349206349206349,-17.25997842502697,-2.541296060991105,38350,446994410.0
001260,남광토건,KOSPI,41,-0.007482896377108032,-0.09999999999999998,False,79840484640,-12.339055793991417,-3.9952996474735603,-3.1990521327014187,3.680203045685282,8170,645991811.0
334890,이지스밸류플러스리츠,KOSPI,41,0.04172367397340853,0.07777777777777783,False,252445962705,5.021520803443336,-12.01923076923077,-12.753277711561385,-13.577331759149946,3660,339400038.25
257720,실리콘투,KOSDAQ,41,0.5845579700937984,-0.21111111111111114,False,2432878949200,3.0470914127423754,-5.343511450381677,-7.80669144981413,-21.269841269841272,37200,33629445002.5
006280,녹십자,KOSPI,41,-0.003942702949596752,-0.11111111111111105,False,1470166480400,3.0944625407166138,-9.957325746799429,-20.5771643663739,-4.09090909090909,126600,2779575945.0
069260,TKG휴켐스,KOSPI,41,4.0028221968589414e-05,-0.1777777777777778,False,653648622120,0.8832807570977819,-8.314220183486242,-12.431544359255199,-9.661016949152545,15990,854927785.0
007820,엠엑스로보틱스,KOSDAQ,41,0.0029995706057669284,-0.15555555555555556,False,82448286165,18.120805369127524,-23.974082073434122,-23.561346362649292,-17.370892018779337,3520,465001036.0
499790,GS피앤엘,KOSPI,41,-0.03163190733354533,-0.1555555555555555,False,756546584150,1.7333333333333423,-6.034482758620685,-8.29326923076923,-17.956989247311828,38150,1778404317.5
005690,파미셀,KOSPI,41,-0.18608794733975947,-0.1333333333333333,False,744049773600,0.4048582995951344,-17.001338688085678,-14.008321775312071,1.2244897959183598,12400,17888139083.5
321260,프로이천,KOSDAQ,41,-0.47547280233888567,-0.1777777777777778,False,50379254108,-5.291005291005291,-5.140434552199258,3.170028818443793,-16.550116550116545,1790,226991710.75
049480,오픈베이스,KOSDAQ,41,-0.11791243429122937,-0.0444444444444444,False,62153473574,6.096256684491985,-5.298329355608589,-15.574468085106385,-21.269841269841272,1984,396273960.6
060250,NHN KCP,KOSDAQ,41,-0.015074731146119687,-0.15555555555555556,False,552208401250,6.615384615384623,-10.1749837977965,-9.765625,-23.29828444936358,13860,4121985720.0
014820,동원시스템즈,KOSPI,41,0.017792474564856567,-0.022222222222222254,False,617514306600,9.43106099436186,-12.67893660531697,-14.257028112449799,-21.937842778793414,21350,568769955.0
005010,휴스틸,KOSPI,41,-0.1595602419059647,-0.06666666666666671,False,226437942250,1.3906447534766109,-34.15435139573071,0.12484394506866447,1.0075566750629816,4010,3329423584.75
357120,코람코라이프인프라리츠,KOSPI,41,0.0021389764877531906,0.0,False,401995012020,-2.275449101796412,-10.231023102310232,-7.482993197278908,-8.108108108108103,4080,321863807.25
006040,동원산업,KOSPI,40,0.17057229848120936,-0.055555555555555525,False,1560377951650,5.349182763744431,-6.340819022457067,-14.578313253012043,-20.24746906636671,35450,1100251740.0
246710,티앤알바이오팹,KOSDAQ,40,0.08155886972479542,-0.03333333333333327,False,110581649280,-1.4957264957264904,-20.379965457685667,-37.19346049046322,29.932356257046223,2305,261804819.0
010130,고려아연,KOSPI,40,-0.002765534897007197,-0.12222222222222218,False,22542806520000,-2.8699551569506765,-27.021563342318057,-15.850815850815847,17.845484221980424,1083000,18584959200.0
009970,영원무역홀딩스,KOSPI,40,-0.06184393491041389,-0.0444444444444444,False,2084269155300,-9.460946094609458,-21.80522565320665,-10.348583877995644,20.058351568198397,164600,1503487350.0
067080,대화제약,KOSDAQ,40,9.123890643438854e-05,-0.21111111111111108,False,216139306500,25.621621621621628,-18.226600985221676,-34.93840985442329,-29.490291262135926,11620,653810605.5
445680,큐리옥스바이오시스템즈,KOSDAQ,40,-0.12461043726465035,-0.04444444444444445,False,1002477481800,34.36385255648038,-27.002583979328165,-52.71966527196652,-20.534458509142052,56500,3440844870.0
071050,한국금융지주,KOSPI,40,-0.47926426346590795,-0.06666666666666665,False,10097549750400,-25.454545454545453,-14.905660377358487,9.333333333333327,24.671734623358677,180400,30196908975.0
003000,부광약품,KOSPI,40,-0.07765698051277833,-0.0888888888888889,False,404525151100,-0.9615384615384581,-50.83532219570406,7.571801566579639,13.342503438789555,4120,1212862776.25
026890,스틱인베스트먼트,KOSPI,40,0.18852014782013102,0.011111111111111072,False,304738778820,11.392405063291132,-14.192849404117014,-15.923566878980889,-24.571428571428566,7920,277649327.5
315640,딥노이드,KOSDAQ,40,-0.031780525766708964,-0.06666666666666671,False,64912632720,41.43681847338036,-33.78378378378378,-33.38368580060423,-48.20295983086681,2205,490443287.25
062970,한국첨단소재,KOSDAQ,40,-0.3103088849499748,-0.21111111111111108,False,91572165920,20.778704807310298,-57.50034950370474,3.015926804473068,-20.063108072574288,3040,17988805290.35
078890,가온그룹,KOSDAQ,40,-0.2889999338949372,-0.09999999999999998,False,86597232100,-3.1860226104830414,-20.169491525423734,-16.48936170212766,9.790209790209792,4710,262663991.0
388210,씨엠티엑스,KOSDAQ,40,-0.3382431578455001,-0.09999999999999998,True,903655396800,11.862396204033221,-19.949066213921906,-8.800773694390717,-28.34346504559271,94300,5029456070.0
174900,앱클론,KOSDAQ,40,-0.26228291458142533,-0.08888888888888885,False,556664399100,6.0037523452157515,-49.82238010657194,-42.22903885480572,46.448937273198545,28250,3576217047.5
012450,한화에어로스페이스,KOSPI,40,-0.001390761096812024,-0.04444444444444445,False,55275965872000,-9.021276595744677,-26.22498274672188,13.002114164904865,-2.5524156791248864,1069000,133227734750.0
176750,듀켐바이오,KOSDAQ,39,-0.0022587748696309504,-0.0222222222222222,False,207682768800,16.506410256410263,-18.314606741573037,-22.329059829059826,-26.861167002012078,7270,462410608.0
086890,이수앱지스,KOSDAQ,39,0.0319751147765305,0.1333333333333333,False,156779836550,13.649425287356332,-11.422172452407619,-25.51789077212806,-25.37735849056604,3955,306301720.75
272450,진에어,KOSPI,39,0.0006888199428658739,-0.06666666666666665,False,306414000000,3.6842105263157787,-3.1147540983606503,-14.47178002894356,-25.56675062972292,5910,650345116.5
008700,아남전자,KOSPI,39,0.004289733734561832,-0.011111111111111072,False,95634776800,0.08058017727639033,-19.663648124191457,-9.343065693430653,-6.966292134831464,1242,248312122.55
079900,전진건설로봇,KOSPI,39,-0.12438126786634655,-0.2,False,586620309000,7.845744680851063,-25.868372943327245,-15.958549222797924,-9.68819599109132,40550,5259202010.0
051600,한전KPS,KOSPI,39,-0.035029772888510245,-0.06666666666666665,False,2022750000000,-0.33185840707964376,-21.24125874125874,-7.873210633946826,-6.145833333333329,45050,6646692152.5
004990,롯데지주,KOSPI,39,-0.014361200496979977,0.0,False,2371997868800,0.20964360587001352,-12.454212454212454,-8.25335892514395,-15.696649029982368,23900,3218876027.5
017800,현대엘리베이터,KOSPI,39,-0.011095937433739194,-0.05555555555555558,False,2845925628000,1.386962552011095,-15.880322209436137,-16.74259681093394,-6.40204865556978,73100,5749461530.0
317330,덕산테코피아,KOSDAQ,39,-0.09829388611129568,-0.16666666666666663,False,264966996960,16.69642857142857,-27.105409927495817,-21.170084439083237,-21.970149253731343,13070,1629909525.5
298050,HS효성첨단소재,KOSPI,39,-0.07708039321956849,-0.03333333333333327,False,729335534400,2.319749216300937,-22.47030878859857,-8.877721943048577,-10.280373831775702,163200,1355511135.0
025860,남해화학,KOSPI,39,-0.011785899446129849,-0.21111111111111114,False,298073058000,5.789473684210522,-27.784431137724553,-10.267857142857139,-10.534124629080122,6030,1720809793.5
388870,파로스아이바이오,KOSDAQ,39,-0.050706689404700946,0.0222222222222222,False,77934510640,14.885496183206115,-34.49401523394995,-33.55408388520972,1.17647058823529,6020,316293838.0
464080,에스오에스랩,KOSDAQ,39,-0.046806510207140814,-0.11111111111111116,False,189322610190,8.744855967078191,-27.503429355281206,-32.24358974358974,5.069582504970183,10570,1000411843.0
092780,DYP,KOSPI,39,-0.2847383778405202,-0.13333333333333336,False,45431187000,-5.020920502092052,-20.629370629370626,0.4424778761061843,-7.220708446866486,3405,463466721.5
395400,SK리츠,KOSPI,38,-0.008563512273130649,-0.011111111111111072,False,1604423914600,-7.66550522648084,-17.573872472783826,-10.016977928692693,5.158730158730163,5300,1142474996.0
001680,대상,KOSPI,38,1.2742376496850172e-05,-0.1777777777777778,False,617774285750,1.8296169239565563,-9.363867684478366,-13.543689320388353,-18.861047835990885,17810,1438288262.0
079810,APS이노베이션,KOSDAQ,38,-9.50144285660297e-05,0.0,False,79438666860,20.7516339869281,-13.768961493582266,-27.54901960784314,-38.416666666666664,3695,284145047.0
084690,대상홀딩스,KOSPI,38,-0.02611983913476514,-0.06666666666666665,False,283544172540,2.346805736636237,-11.79775280898876,-17.019027484143766,-14.207650273224049,7850,209446023.5
038460,바이오스마트,KOSDAQ,38,-0.0027275017207850443,0.0222222222222222,False,72917053670,9.867172675521818,-29.39024390243903,-26.80151706700379,-2.195945945945943,2895,285499496.75
241560,두산밥캣,KOSPI,38,-0.1184154903577616,-0.13333333333333336,False,5291254788000,-13.819875776397517,-8.415841584158413,-2.2887323943661997,-0.8928571428571397,55500,8858551630.0
092070,디엔에프,KOSDAQ,38,-0.3537332169367566,-0.05555555555555558,False,170916342660,2.366040361865007,-23.940020682523265,-13.470588235294123,-6.603174603174599,14710,439450097.5
365340,성일하이텍,KOSDAQ,38,-0.30165438848466214,-0.26666666666666666,False,487126035500,-0.5228758169934622,-36.583333333333336,-8.533653846153843,6.732117812061711,38050,1145929070.0
306620,지아이에스,KOSDAQ,38,-0.31167051195623724,-0.055555555555555525,False,105952226640,-4.357298474945537,-26.711185308848084,-8.921161825726143,4.7732696897374804,2195,717131419.6
272290,이녹스첨단소재,KOSDAQ,38,-0.3899388792182832,-0.0222222222222222,False,449590827950,-3.8054968287526414,-22.22222222222222,-3.8054968287526414,-5.991735537190079,22750,1801293555.0
454910,두산로보틱스,KOSPI,38,-0.43865939843764934,-0.14444444444444443,False,4738340538000,-13.593380614657214,-11.39393939393939,-8.966376089663763,7.499999999999996,73100,19546008735.0
000220,유유제약,KOSPI,38,-0.000829811289486265,-0.07777777777777778,False,59525406360,-0.5256241787122251,-8.131067961165051,-17.53812636165577,-13.38672768878718,3785,887294033.0
377740,바이오노트,KOSPI,38,1.8643363388760954e-05,-0.0888888888888889,False,478864425600,0.10660980810235365,-6.474103585657376,-14.945652173913048,-19.051724137931036,4695,183181688.75
067990,도이치모터스,KOSDAQ,38,-0.2115096498892734,0.0,False,114683491500,-3.071253071253066,-9.931506849315063,-8.996539792387548,-15.524625267665948,3945,192798642.25
017510,세명전기,KOSDAQ,38,-0.08977259278258523,-0.1333333333333333,False,120443400000,0.8905852417302906,-11.888888888888893,-15.36819637139808,-15.727948990435703,7930,1378811096.0
025820,이구산업,KOSPI,37,-0.023538823317602677,-0.15555555555555556,False,144469440000,2.1403091557669507,-12.436289500509679,-23.71225577264654,-9.38818565400844,4295,747834819.75
018470,조일알미늄,KOSPI,37,-0.09236782793871647,-0.16666666666666669,False,132456779120,13.41991341991342,-26.40449438202247,-19.446579554189082,-22.25519287833828,5240,404419868.25
017390,서울가스,KOSPI,37,-0.0015280795159302702,-0.0444444444444444,False,265815000000,-1.098901098901095,-13.461538461538458,-11.475409836065575,-14.28571428571429,54000,285819435.0
084010,대한제강,KOSPI,37,-0.0003997926067632769,-0.03333333333333327,False,301095180960,11.868686868686872,-18.265682656826566,-32.21117061973986,-14.824072293789659,8860,1591511418.5
256840,한국비엔씨,KOSDAQ,37,-0.001155769620484377,-0.15555555555555556,False,215785865330,20.84130019120458,-16.18037135278515,-30.701754385964907,-36.418511066398395,3160,14837013428.5
475230,엔알비,KOSDAQ,37,-0.0018049923387689997,-0.18888888888888888,False,109313790490,32.63157894736841,-54.28571428571429,-30.434782608695656,-22.22222222222222,10080,951297855.0
081660,미스토홀딩스,KOSPI,37,-0.0007257782548001908,-0.011111111111111127,False,2067927168000,-16.648879402347916,-3.6991368680641235,-4.8721071863580985,0.12820512820512775,39050,4850089812.5
031430,신세계인터내셔날,KOSPI,37,-0.5360787361171293,-0.033333333333333326,False,365603700000,-16.94378463974664,-11.774600504625731,-1.1310084825636224,4.274353876739556,10490,529655579.0
214180,헥토이노베이션,KOSDAQ,37,-0.035309482394765654,-0.16666666666666663,False,181257469650,2.857142857142847,-19.90872789503708,-13.49353049907579,-15.16616314199396,14040,647287039.5
049630,재영솔루텍,KOSDAQ,37,-0.14269821827668622,-0.15555555555555556,False,169864560530,0.966850828729271,-47.31531531531532,-70.58350100603622,73.01775147928996,7310,1493388296.5
053080,케이엔솔,KOSDAQ,37,-0.2459839302098217,-0.0444444444444444,False,123628164570,2.444208289054206,-7.396733909702213,-22.06952303961196,-18.374259102455547,9640,342936946.5
004090,한국석유,KOSPI,37,-0.006238253208859685,0.04444444444444445,False,152329440000,8.810172570390563,-29.694835680751176,-14.367405289492496,-16.515679442508713,11980,8385716939.0
027410,BGF,KOSPI,37,-0.13101629223753178,-0.12222222222222218,False,356066462520,-6.052963430012614,-21.90775681341719,-3.497409326424872,-5.456852791878175,3725,192170622.75
207940,삼성바이오로직스,KOSPI,37,0.07027312704930617,0.06666666666666665,False,62677947654000,-3.124758432436614,-11.41587393817398,-18.205747872511147,-7.299266605544807,1366000,52738706226.15
256940,킵스파마,KOSDAQ,36,-0.015142306235468667,-0.12222222222222218,False,139944684590,16.53027823240589,-5.820105820105825,-38.248048568950566,-32.19047619047619,7120,289517356.5
015750,성우하이텍,KOSDAQ,36,-0.1619417576382838,-0.16666666666666663,False,473600000000,-4.045307443365697,-29.48870392390012,-12.794117647058822,6.8468468468468435,5930,1020531417.5
136480,하림,KOSDAQ,36,-0.09999516801670935,-0.1555555555555555,False,283579904340,-2.3853211009174258,-16.483516483516482,-11.480865224625624,-10.887772194304857,2660,406377130.25
054300,팬스타엔터프라이즈,KOSDAQ,36,0.38762463418105736,-0.1444444444444445,False,59799731460,8.805031446540879,1.764705882352935,-24.563953488372093,-38.72491145218417,1038,236174538.9
019170,신풍제약,KOSPI,36,0.00582108699642687,-0.07777777777777783,False,484871328500,14.373464373464383,-9.786821705426352,-33.213773314203735,-29.894578313253017,9310,2730988787.5
192250,케이사인,KOSDAQ,36,-0.046118459993052544,-0.0888888888888889,False,58586466250,12.449799196787147,-19.463087248322154,-17.07798617966436,-33.06772908366534,8400,725848373.0
039440,에스티아이,KOSDAQ,36,-0.48253401463028145,-0.03333333333333327,False,400857164950,-9.581881533101043,-11.433447098976114,-22.072072072072068,7.9002079002078895,25950,2194716941.5
445090,에이직랜드,KOSDAQ,36,-0.2308078767807733,-0.09999999999999998,False,245827305000,11.00244498777505,-15.613382899628247,-22.39316239316239,-28.840125391849526,22700,442897768.0
271940,일진하이솔루스,KOSPI,36,-0.0584544221812875,-0.16666666666666663,False,426316850600,14.077669902912614,-25.820707070707073,-14.978292329956588,-32.35463442717329,11750,644058737.0
099320,쎄트렉아이,KOSDAQ,36,-0.4702185747820049,-0.0444444444444444,False,895814540400,-3.7339556592765444,-50.716845878136205,-7.4074074074074066,20.26239067055393,82500,3692093485.0
012200,계양전기,KOSPI,36,-0.6799632421993159,-0.18888888888888888,False,110164998190,-33.7643069097075,-51.61040569835862,-57.90111814630203,131.3101406365655,3125,2661695807.75
303810,동국생명과학,KOSDAQ,36,-0.07242392758206742,-0.0888888888888889,False,89715512700,13.469387755102048,-15.75757575757576,-24.661246612466126,-32.27771010962242,2780,11468408359.5
210540,디와이파워,KOSPI,36,-0.05461504273227016,-0.1111111111111111,False,122783792960,-1.3239187996469504,-19.56834532374101,-15.045592705167177,-8.510638297872342,11180,250481411.5
088980,맥쿼리인프라,KOSPI,36,-0.2297414235231318,-0.07777777777777772,False,4688646311470,-2.964426877470361,-13.097345132743365,-12.243074173369084,-14.534377719756309,9820,6629264823.5
096350,대창솔루션,KOSDAQ,36,-4.199641457701557e-05,-0.03333333333333327,False,70429450182,15.072639225181605,-38.677419354838705,-21.608247422680414,-15.884955752212393,1901,359960576.0
117580,대성에너지,KOSPI,35,-0.0017302663203865281,-0.06666666666666665,False,194700000000,3.649635036496357,-28.57142857142857,-11.581569115815693,-13.202933985330079,7100,2987666636.0
032850,비트컴퓨터,KOSDAQ,35,-0.033321653426841166,-0.05555555555555558,False,69402248275,0.8495145631068013,-21.898496240601506,-12.341772151898734,-13.61746361746362,4155,257803472.75
000490,대동,KOSPI,35,2.025603294541456e-06,-0.17777777777777776,False,220525517250,5.226960110041268,-18.443496801705763,-19.727177334732428,-18.617021276595747,7650,1294646357.0
041930,SY동아,KOSDAQ,35,-0.03537341976450801,-0.0444444444444444,False,75772000000,10.087719298245613,-16.19365609348915,-27.034883720930235,-23.3587786259542,5020,1895280009.25
031210,서울보증보험,KOSPI,35,-0.0010413747712175318,-0.12222222222222218,False,2935998195900,-1.9721577726218076,-12.344398340248963,-13.244353182751546,-16.994106090373286,42250,1993305357.5
240550,동방메디컬,KOSDAQ,35,-0.0018346946810326437,-0.11111111111111105,False,132930519000,8.149405772495765,-2.896341463414631,-20.474406991260917,-39.56356736242884,6370,2915345210.5
103140,풍산,KOSPI,35,0.05120051861520893,-0.1333333333333333,False,2236337384400,18.413173652694613,-18.28512396694215,-25.86691658856607,-39.34049079754601,79100,7406924075.0
297090,씨에스베어링,KOSDAQ,35,-0.006512211960683765,-0.0888888888888889,False,136622700000,19.85645933014355,-45.18599562363238,-15.656565656565657,-25.667655786350153,5010,517158283.5
475430,키스트론,KOSDAQ,35,-0.12745323086337101,0.0222222222222222,False,80316495000,-19.46428571428571,5.868544600938974,-6.818181818181824,-7.29701952723536,4510,524822416.5
002240,고려제강,KOSPI,35,-0.1838496573198092,-0.2222222222222222,False,455220000000,-3.9071347678369173,-19.76359338061465,-19.76359338061465,-0.23515579071134995,16970,568584681.0
004980,성신양회,KOSPI,35,-0.015204700335009395,-0.10000000000000003,False,199805994950,-3.546099290780147,-10.81967213114754,-12.913553895410889,-17.24137931034483,8160,496558757.5
086960,MDS테크,KOSDAQ,35,-0.1919124278834859,-0.15555555555555556,False,100580304550,14.216867469879514,-13.472070098576127,-29.63182897862233,-33.48301992702779,2370,2898112598.35
039610,화성밸브,KOSDAQ,35,-0.03390835933539076,-0.0888888888888889,False,65689624000,10.918544194107449,-21.37592137592138,-19.496855345911946,-29.125138427464,6400,2230710119.0
200710,에이디테크놀로지,KOSDAQ,35,-0.44345913356290634,-0.04444444444444445,False,398475407200,-0.3355704697986628,-47.246891651865006,-10.944527736131937,10.408921933085491,29700,2361546262.5
039200,오스코텍,KOSDAQ,35,-0.020121027774034853,-0.2333333333333334,False,1400249241600,5.619596541786742,-25.127681307456584,-15.35796766743649,-19.273127753303964,36650,3669894670.0
000670,영풍,KOSPI,34,-0.03372308460141499,-0.19999999999999996,False,746553195650,1.7543859649122862,-31.993299832495815,-11.159737417943106,-9.178354920251442,40600,5367494745.0
000020,동화약품,KOSPI,34,-0.020400934311164923,-0.055555555555555525,False,143009126400,0.591715976331364,-12.969283276450517,-17.8743961352657,-19.937205651491364,5100,272679900.0
007310,오뚜기,KOSPI,34,2.5591476176361518e-05,-0.25555555555555554,False,1266474280000,-0.31347962382445305,-10.54852320675106,-16.97127937336814,-21.578298397040683,318000,1024893200.0
223250,드림씨아이에스,KOSDAQ,34,-0.10847360204765785,-0.18888888888888883,False,90406631700,9.185185185185185,-22.175290390707502,-41.78515007898894,-4.533678756476689,3685,1956528398.75
001500,현대차증권,KOSPI,34,-0.21438914546612675,-0.13333333333333336,False,482297743200,-9.101516919486585,-22.333000997008977,-1.3924050632911356,-8.244994110718496,7790,530750150.0
126700,하이비젼시스템,KOSDAQ,34,-0.008750472849806101,-0.06666666666666665,False,176765184960,16.043307086614167,-27.889908256880737,-26.951672862453535,-27.44615384615384,11790,391212525.5
950250,테라뷰,KOSDAQ,34,-0.0021538775884827146,-0.03333333333333327,True,146892875180,60.46966731898238,-38.988095238095234,-58.077709611451944,-74.375,4100,8166731718.5
123330,제닉,KOSDAQ,34,0.38179566888552025,-0.11111111111111105,False,172920356000,-15.145631067961162,-23.063380281690137,18.1081081081081,-15.310077519379849,21850,7348347632.5
361610,SK아이이테크놀로지,KOSPI,34,-0.02287246761144908,-0.1333333333333333,False,1445995928000,12.690355329949243,-15.629453681710215,-26.459627329192546,-33.85474860335196,17760,9680365186.0
108860,셀바스AI,KOSDAQ,34,6.234966890854339e-05,-0.1555555555555555,False,241156518400,20.02670226969292,-28.65079365079365,-28.48050914876691,-33.84841795437822,8990,1670248155.0
023410,유진기업,KOSDAQ,34,-0.08176822096583578,0.04444444444444445,False,253193076325,-10.259917920656637,-16.433121019108277,-9.517241379310349,-4.512372634643381,3280,704809982.25
118990,모트렉스,KOSDAQ,34,-0.003484150073528063,-0.15555555555555556,False,155321558430,12.98932384341638,-22.84325637910085,-32.446808510638306,-21.701602959309497,6350,548248118.5
052790,액토즈소프트,KOSDAQ,34,-0.01702934212663065,-0.0444444444444444,False,51673107310,5.592841163310958,-11.27819548872181,-24.960254372019076,-26.01880877742947,4720,425309511.5
004440,삼일씨엔에스,KOSPI,34,0.0005611003010386888,-0.09999999999999998,False,69261791680,-7.796610169491524,-39.689578713968956,-9.333333333333337,13.33333333333333,5440,521357588.0
011170,롯데케미칼,KOSPI,33,-0.2613949401585379,-0.15555555555555556,False,2609300559000,-4.094488188976375,-23.970037453183522,-9.777777777777775,-9.375,60900,13139191695.0
005420,코스모화학,KOSPI,33,-0.09294928690990806,-0.08888888888888885,False,429788071320,9.347614410905546,-25.972313777191825,-19.2667145938174,-24.933155080213908,11230,931412218.5
051910,LG화학,KOSPI,33,-0.2563257393033463,-0.15555555555555556,False,18530490037500,-6.927175843694489,-13.957307060755342,-18.759689922480614,-5.585585585585584,262000,52831424150.0
025980,아난티,KOSDAQ,33,0.032027254257914146,-0.05555555555555558,False,495262039100,28.805031446540873,-23.467862481315393,-38.75598086124402,-47.808358817533126,5120,10870860587.25
035420,NAVER,KOSPI,33,-0.03866724823832907,-0.11111111111111116,False,29232537721800,-1.8386108273748758,-2.6835443037974693,-22.186234817813766,-24.03162055335968,192200,129731835215.0
270660,에브리봇,KOSDAQ,33,0.003323317673900418,-0.24444444444444446,False,172845740460,15.789473684210531,-17.132442284325634,-41.459227467811154,-25.70806100217865,13640,364334089.0
001340,PKC,KOSPI,33,-0.27173808244566744,-0.1333333333333333,False,235496905470,-10.204081632653061,-21.311475409836067,-6.216696269982236,-4.86486486486486,5280,426139400.25
043150,바텍,KOSDAQ,33,-0.006848723641606384,-0.2333333333333334,False,264108671680,-3.1436314363143647,-18.21510297482838,-9.150991357397054,-19.865470852017943,17870,419846430.0
073010,케이에스피,KOSDAQ,33,-0.04357983080084524,-0.12222222222222223,False,132430168750,9.752066115702473,-5.681818181818176,-21.046373365041614,-46.36510500807754,3320,2323877199.0
001390,KG케미칼,KOSPI,33,-0.0037025797483080324,-0.0888888888888889,False,280223343920,-0.4700352526439522,-17.76699029126214,-17.44639376218323,-17.76699029126214,4235,429023059.0
041440,현대에버다임,KOSDAQ,33,-0.13707506689505375,-0.05555555555555558,False,118112133440,-1.1940298507462699,-22.84382284382285,-18.573185731857322,-10.419485791610283,6620,666161718.5
215200,메가스터디교육,KOSDAQ,33,-0.13884822824853219,0.0,False,388695600000,-5.735660847880297,-19.57446808510638,-7.239263803680984,-16.000000000000004,37800,1230030097.5
053700,삼보모터스,KOSDAQ,33,-0.1320743599116646,-0.16666666666666663,False,106863028000,4.657179818887447,-28.533568904593643,-36.99376947040498,1.7610062893081757,4045,380730198.0
459510,나우로보틱스,KOSDAQ,33,-0.06740812855004129,-0.13333333333333336,False,203890381220,13.845050215208033,-24.066985645933016,-26.697459584295615,-31.447084233261336,15870,1855688017.5
001720,신영증권,KOSPI,33,-0.273558131617813,-0.14444444444444443,False,2298312000000,-18.57476635514018,-25.65333333333333,4.969879518072284,2.954209748892178,139400,1127388480.0
082800,비보존 제약,KOSDAQ,32,0.0017601067268658446,-0.06666666666666665,False,179730211360,17.729083665338653,-4.058441558441562,-32.240311855079106,-54.06497745997202,2955,499627816.25
002230,피에스텍,KOSDAQ,32,-0.0659666063736191,-0.07777777777777783,False,95789564000,7.317073170731714,-43.64994663820705,-52.21719457013574,26.315789473684205,5280,185677390.25
056080,유진로봇,KOSDAQ,32,-0.4834601430616064,-0.1555555555555555,False,484061252760,-5.5845122859270235,-48.55983772819472,-13.682777399591561,18.28358208955223,12680,4713063048.0
195940,HK이노엔,KOSDAQ,32,-0.008106121944701526,-0.1333333333333333,False,1137445123650,-4.389086595492286,-15.336134453781513,-19.157472417251753,-11.912568306010929,40300,3450544362.5
278280,천보,KOSDAQ,32,-0.0794138332953046,-0.13333333333333336,False,465614950000,2.553763440860224,-24.753451676528606,-21.096173733195446,-14.461883408071753,38150,1030652065.0
136150,원일티엔아이,KOSDAQ,32,-0.28038375123631276,0.03333333333333327,False,104260013200,20.903954802259882,-26.249282021826538,-29.48929159802306,-41.36986301369863,12840,1906158169.5
092300,현우산업,KOSDAQ,32,-0.28612146495246676,-0.21111111111111108,False,53296408795,-2.0446096654275103,-13.17957166392092,-22.271386430678465,-15.814696485623003,2635,188196050.75
950200,소마젠,KOSDAQ,32,0.19487226369962501,-0.0222222222222222,False,57323437940,-0.9868421052631526,-9.473684210526311,-23.797468354430386,-20.15915119363395,3010,339699736.5
317850,대모,KOSDAQ,32,-0.1236720558159556,-0.033333333333333326,False,51944380800,-1.424050632911389,-26.446280991735538,-20.23047375160051,-6.596701649175407,6230,1787472392.5
289930,웨이비스,KOSDAQ,32,-0.40000796497867114,-0.1333333333333333,False,110977644400,2.530120481927711,-56.58163265306122,-5.444444444444441,0.7100591715976323,8510,754660322.0
002140,고려산업,KOSPI,32,0.0050783511772161385,-0.033333333333333326,False,48407423925,10.541310541310533,-29.06764168190128,-22.709163346613547,-25.670498084291182,1940,602226821.3
081000,일진다이아,KOSPI,32,-0.04316879289755553,-0.0444444444444444,False,134360143500,3.3879781420764976,-25.978090766823158,-21.297836938435942,-15.91111111111111,9460,224314616.5
146320,비씨엔씨,KOSDAQ,32,-0.3558244095603618,-0.09999999999999998,False,144360571440,-1.904761904761909,-12.034161490683227,-21.210013908205838,-19.41678520625889,11330,226787646.5
034830,한국토지신탁,KOSPI,32,-0.01268189886330211,-0.09999999999999998,False,283797894520,-1.5761821366024553,-26.48790058862002,-8.394458027709861,-18.668596237337187,1124,261636162.05
000080,하이트진로,KOSPI,32,-0.019786390430286547,-0.2333333333333334,False,1035873434470,-1.5946843853820614,-12.054631828978623,-18.849315068493155,-22.62277951933125,14810,1099905999.5
400760,NH올원리츠,KOSPI,31,-0.15398626137602628,-0.06666666666666665,False,154625909125,-4.414261460101865,-13.650306748466257,-16.59259259259259,-17.690058479532166,2815,284761841.25
008350,남선알미늄,KOSPI,31,-0.2179382551235782,-0.18888888888888888,False,138243705390,2.6768642447418722,-40.498614958448755,-18.63636363636364,-2.981029810298108,1074,751980607.85
045390,대아티아이,KOSDAQ,31,0.010596397117411229,-0.15555555555555556,False,219524569355,14.39114391143912,-21.914357682619645,-28.735632183908045,-35.416666666666664,3100,3250356856.75
089590,제주항공,KOSPI,31,-0.0012110263438291687,-0.12222222222222223,False,361674817725,-1.525054466230935,-10.317460317460315,-16.296296296296298,-28.253968253968253,4520,1201420257.25
282880,코윈로보틱스,KOSDAQ,31,-0.1252767555030083,-0.09999999999999998,False,131909244960,8.053691275167797,-18.92086330935252,-28.30788804071247,-26.8086764514872,11270,468248839.5
014830,유니드,KOSPI,31,-0.11951399735518844,-0.15555555555555556,False,409439800000,-5.271317829457367,-24.93857493857494,-8.805970149253728,-14.18539325842697,61100,687460715.0
007860,서연,KOSPI,31,-0.1107961765024728,-0.07777777777777783,False,180325201920,-5.717761557177614,-15.115005476451259,-19.438669438669443,-12.52821670428894,7750,181593526.0
271560,오리온,KOSPI,31,-0.19463053015595258,-0.09999999999999998,False,4162381376400,-22.450476889214965,-18.56702619414484,2.5218234723569433,2.3233301064859546,105700,12173537550.0
049950,미래컴퍼니,KOSDAQ,31,-0.04397937817696986,-0.055555555555555525,False,101405666000,8.458646616541344,-13.880597014925378,-35.85325180655919,-25.88310854206808,11540,185872353.5
0039P0,매드업,KOSDAQ,31,,,True,149706904000,2.187902187902191,-21.23015873015873,-21.23015873015873,-21.23015873015873,7940,26682232899.0
293580,나우IB,KOSDAQ,31,-0.24351134556256424,-0.05555555555555558,False,121510336000,-13.58108108108108,-24.453632604843477,-17.53707285622179,9.785407725321882,1279,684972349.15
040300,YTN,KOSDAQ,31,-0.04335693084333096,-0.11111111111111105,False,109180284200,10.948905109489049,-27.15654952076677,-38.955823293172685,-15.711645101663585,2280,1619496542.55
064960,SNT모티브,KOSPI,31,-0.09945933767990894,-0.07777777777777783,False,715260330400,1.6981132075471805,-19.431988041853508,-21.198830409356727,-23.0,26950,1562045432.5
090470,제이스로보틱스,KOSDAQ,31,-0.160512949356953,-0.12222222222222223,False,70780205700,-5.922551252847386,-50.30084235860409,-19.019607843137255,20.760233918128645,4130,211963996.25
086820,바이오솔루션,KOSDAQ,30,-0.005323644383207409,-0.14444444444444438,False,173691369500,13.705583756345185,-43.050847457627114,-20.09512485136742,-24.916201117318437,6720,348990970.0
052020,에스티큐브,KOSDAQ,30,-0.352005807478373,-0.21111111111111114,False,532989001440,-3.2098765432098775,-50.753768844221106,-10.297482837528605,6.666666666666665,7840,1242508160.0
298000,효성화학,KOSPI,30,-0.09933108957657646,-0.10000000000000003,False,203999431800,15.665236051502141,-30.719794344473005,-30.719794344473005,-30.719794344473005,53900,1094104140.0
259630,엠플러스,KOSDAQ,30,-0.3484453489066543,-0.14444444444444443,False,121490616240,-0.4906771344455385,-22.29885057471265,-12.207792207792211,-25.65982404692082,10140,694385862.0
102120,어보브반도체,KOSDAQ,30,-0.32725030452450776,-0.07777777777777783,False,155937203810,9.589041095890405,-15.547024952015354,-30.817610062893085,-34.08239700374532,8800,1551394479.0
248170,샘표식품,KOSPI,30,0.0003340381368512382,-0.1333333333333333,False,100045463400,-0.9049773755656076,-19.33701657458563,-23.022847100175746,-17.202268431001887,21900,6565247585.0
226950,올릭스,KOSDAQ,30,-0.4269111051054549,-0.04444444444444445,False,2657262955200,-21.768251841928997,-28.780487804878053,-16.452074391988557,27.37186477644493,116800,24855052715.0
139480,이마트,KOSPI,30,-0.4108905852158296,-0.055555555555555525,False,1984139386100,-13.772455089820356,-20.17738359201774,-10.224438902743138,-3.7433155080213942,72000,6673723025.0
036090,위지트,KOSDAQ,30,-0.033567670850050454,-0.11111111111111105,False,61315290674,1.046755059316129,-14.370195150798349,-20.39582188015393,-29.05438510534052,1448,1222604140.1
281740,레이크머티리얼즈,KOSDAQ,30,-0.5114318467260549,-0.15555555555555556,False,824918377400,-8.411892675852062,-33.421191354770684,-11.863224005582696,0.23809523809523725,12630,4270988704.0
090850,현대이지웰,KOSDAQ,30,-0.03513928346735413,-0.011111111111111127,False,110703672275,-11.827956989247312,-16.8918918918919,-4.835589941972918,-16.61016949152543,4920,185507193.0
054930,유신,KOSDAQ,30,-0.011279089466480445,-0.011111111111111127,False,52920000000,1.1389521640091216,-25.221052631578942,-20.71428571428572,-18.34482758620689,17760,343448802.0
418550,제이오,KOSDAQ,30,-0.1308507039555532,-0.03333333333333327,False,167452429790,14.069264069264076,-35.17835178351783,-27.008310249307478,-28.590785907859072,5270,280573007.75
145170,노브랜드,KOSDAQ,30,-0.33671603980694387,-0.19999999999999996,False,55205942325,2.4844720496894457,-16.455696202531644,-18.215613382899633,-33.130699088145896,3300,2459962009.5
108230,톱텍,KOSDAQ,30,-0.019477650009613795,-0.06666666666666665,False,123195313800,9.411764705882364,-22.684085510688835,-28.774617067833695,-30.22508038585209,3255,1359510128.25
377300,카카오페이,KOSPI,29,-0.0003184111504780492,0.011111111111111127,False,5432319973300,-1.1083743842364546,-16.179540709812112,-20.964566929133856,-23.523809523809526,40150,11249435752.5
140670,알에스오토메이션,KOSDAQ,29,-0.09140702426844745,-0.11111111111111105,False,137386288000,7.847082494969815,-31.061093247588424,-32.66331658291457,-15.12272367379256,10720,676519311.0
204840,지엘팜텍,KOSDAQ,29,0.0018862201921737974,-0.09999999999999998,False,65141164200,2.9126213592232997,-19.468186134852804,-22.41537053979872,-27.147766323024058,4240,434319735.25
137400,피엔티,KOSDAQ,29,-0.44747205512356025,-0.06666666666666671,False,767579587200,-7.244318181818176,-30.75291622481442,-10.792349726775951,-7.375886524822695,32650,3401619165.0
035250,강원랜드,KOSPI,29,-0.03374868261929685,-0.07777777777777783,False,3057209745000,-3.7609133646742787,-13.726670680313068,-22.1195652173913,-20.255982192543133,14330,3244640946.0
490470,세미파이브,KOSDAQ,29,-0.5900457446501044,0.0,True,694118976000,1.2195121951219523,-10.94420600858369,-30.369127516778526,-24.954792043399642,20750,31030361312.5
402490,그린리소스,KOSDAQ,29,-0.5161646379226056,-0.06666666666666665,False,136836553360,-4.6099290780141855,-38.67781155015197,-7.771428571428574,-8.19112627986348,8070,1271098847.0
052420,오성첨단소재,KOSDAQ,29,0.007429126397376146,-0.04444444444444445,False,95179427930,20.471464019851116,-26.77224736048266,-34.16949152542374,-43.93764434180139,9710,246289066.0
008970,KBI동양철관,KOSPI,29,-0.12645094923476072,-0.12222222222222223,False,139047655380,11.648892534864652,-24.88962472406181,-19.89405532666274,-42.6464391066161,1361,5216021202.0
302440,SK바이오사이언스,KOSPI,29,-0.03344332570808273,0.05555555555555558,False,2863664184500,-3.183023872679047,-11.192214111922139,-23.958333333333336,-22.83298097251586,36500,2266123715.0
456160,지투지바이오,KOSDAQ,29,-0.17378230678322312,-0.18888888888888888,False,725042973600,17.718120805369118,-34.3562874251497,-31.05345911949685,-34.42402308992209,43850,7107543120.0
462870,시프트업,KOSPI,29,0.00017801156632183518,-0.12222222222222218,False,1820998590000,-11.301859799713876,-6.060606060606055,-13.286713286713292,-22.499999999999996,31000,1003247945.0
022100,포스코DX,KOSPI,29,-0.24444883051051913,-0.0444444444444444,False,3169924099650,-1.87353629976581,-31.311475409836063,-27.758620689655178,-1.6431924882629123,20950,31226219213.5
196170,알테오젠,KOSDAQ,29,0.002933770671813934,-0.15555555555555556,False,18075507013500,-1.243682640199717,-7.7280840865613705,-26.20272495371674,-28.472199252472464,259500,110890440325.0
184230,SGA솔루션즈,KOSDAQ,28,-0.07743406481939781,-0.18888888888888883,False,38609601600,15.510649918077558,-20.78651685393258,-34.21461897356143,-41.004184100418406,2115,540630471.4
323410,카카오뱅크,KOSPI,28,-0.0694044651915065,-0.12222222222222223,False,9399272608900,-11.325842696629218,-15.863539445628994,-9.908675799086753,-16.575052854122617,19730,16222965594.5
042520,한스바이오메드,KOSDAQ,28,-0.4474456029553707,-0.12222222222222223,False,303054048750,-5.856832971800429,-36.91860465116279,-18.113207547169807,1.4018691588784993,21700,2253979730.5
003530,한화투자증권,KOSPI,28,-0.1686727878607402,-0.1333333333333333,False,1000865370375,-5.7459677419354875,-30.431547619047617,-2.604166666666663,-20.896785109983085,4675,7276662529.0
111770,영원무역,KOSPI,28,-0.04099927157465371,-0.07777777777777778,False,2960006062400,-20.260663507109,-15.55834378920954,-15.13240857503153,5.651491365777073,67300,4018465290.0
018250,애경산업,KOSPI,28,-0.015838450149310047,-0.12222222222222223,False,296055371350,-0.707964601769917,-21.207865168539332,-16.70378619153675,-26.281208935611033,11220,230726738.0
043650,국순당,KOSDAQ,28,-0.0022947192213015263,-0.21111111111111108,False,62682647040,-7.509881422924902,-14.494518879415352,-15.625,-20.856820744081173,3510,677147098.75
058850,KTcs,KOSPI,28,-0.18576640910009,-0.1777777777777778,False,91089790000,-1.9955654101995512,-14.00778210116731,-21.49200710479574,-26.578073089700993,2210,221764905.0
003540,대신증권,KOSPI,28,-0.16217426579414632,-0.07777777777777783,False,1215486213000,-13.13993174061433,-29.50138504155124,-5.914972273567464,-4.502814258911824,25450,1697429380.0
247540,에코프로비엠,KOSDAQ,28,-0.5178168973660638,-0.06666666666666665,False,11318981213800,-5.587180764613164,-39.01924375422012,-17.11419742021525,0.9880404301601198,115600,37471668095.0
094360,칩스앤미디어,KOSDAQ,28,-0.23959087816075011,0.0,False,274415270900,2.4661893396976886,-16.634304207119744,-30.528586839266445,-24.457478005865106,12880,1559999613.5
009270,신원,KOSPI,28,0.006083117472231821,-0.05555555555555558,False,126362202693,6.906614785992216,-15.591397849462362,-29.2337411461687,-35.91836734693877,1099,355961194.4
094940,푸른로보틱스,KOSDAQ,28,-0.0797889200133025,-0.1333333333333333,False,52175048640,7.931034482758625,-31.733914940021812,-27.630057803468212,-23.65853658536585,6260,415653562.5
002320,한진,KOSPI,28,-0.20649238636790873,-0.011111111111111072,False,242090409600,-3.293971410814167,-16.523605150214593,-21.015228426395936,-23.16049382716049,15560,479182770.0
105630,한세실업,KOSPI,28,0.0032518720256480564,-0.1444444444444445,False,352400000000,0.6880733944954143,-20.036429872495443,-32.87461773700306,-15.98086124401914,8780,398682566.5
054450,텔레칩스,KOSDAQ,27,-0.29615132270217687,-0.04444444444444445,False,157651465530,1.4450867052023142,-11.214165261382803,-35.12014787430684,-24.29906542056075,10530,520958508.0
033320,제이씨현시스템,KOSDAQ,27,-0.011783912980602006,-0.07777777777777783,False,60783893760,13.571428571428568,-34.43298969072165,-25.6140350877193,-35.3001017293998,3180,437174837.75
047310,파워로직스,KOSDAQ,27,-0.28347361653168185,-0.14444444444444438,False,120266330175,2.187500000000009,-28.446389496717728,-24.305555555555557,-20.048899755501225,3270,276825810.25
028300,HLB,KOSDAQ,27,-0.32386754619909724,-0.011111111111111127,False,5387868120350,-15.92554291623578,-20.450097847358116,-23.15689981096408,6.97368421052631,40650,38240543760.0
199820,제일일렉트릭,KOSDAQ,27,-0.26192849288475395,-0.1777777777777778,False,175538000000,-3.76670716889429,-21.739130434782606,-19.266055045871553,-19.999999999999996,7920,988681968.0
009470,삼화전기,KOSPI,27,-0.29478420463203175,-0.0888888888888889,False,182872123000,-2.473498233215543,-22.47191011235955,-8.910891089108908,-32.68292682926829,27600,1755624077.5
009540,HD한국조선해양,KOSPI,27,-0.14779200750664603,-0.12222222222222223,False,23072035816000,-9.179415855354655,-12.93333333333333,-17.026683608640404,-20.84848484848485,326500,52202706600.0
048430,유라테크,KOSDAQ,27,-2.6243214071682e-05,-0.15555555555555556,False,67737600000,2.4263431542461023,-20.67114093959731,-26.583850931677024,-26.765799256505574,5910,1096147102.0
002350,넥센타이어,KOSPI,27,-0.2817491585181841,-0.15555555555555556,False,566473686600,-13.432835820895528,-18.07909604519774,-22.14765100671141,-2.1922428330522714,5800,834413535.5
261520,이지스,KOSDAQ,27,0.002872470344537988,-0.06666666666666671,True,57144568000,40.47919293820934,-30.112923462986195,-47.895229186155284,-72.82926829268293,5570,413592421.5
005300,롯데칠성,KOSPI,27,-0.1536828622210364,-0.1444444444444445,False,886133422000,-4.690618762475052,-15.859030837004406,-28.73134328358209,-16.007036059806513,95500,1154282615.0
211050,인카금융서비스,KOSDAQ,27,0.09773816185973203,-0.09999999999999998,False,475394290050,-4.305283757338552,-14.734088927637313,-24.59521973785659,-22.31930103256553,9780,743161999.0
170900,동아에스티,KOSPI,27,-0.0027059714115429292,-0.09999999999999998,False,339989440950,-0.9929078014184411,-19.677790563866516,-29.08233764122572,-19.838298458782187,34900,278629815.0
0015G0,그린광학,KOSDAQ,27,-0.3509455234605469,-0.1555555555555555,True,193325977320,-2.3008849557522137,-43.769100169779286,4.611497157296274,-27.527352297592998,16560,823017539.0
304360,에스바이오메딕스,KOSDAQ,27,-0.21483692544968427,-0.07777777777777778,False,260855575200,2.650602409638547,-16.470588235294116,-42.51012145748988,-17.919075144508668,21300,518969885.5
006220,제주은행,KOSPI,26,-0.05506876551710225,-0.06666666666666665,False,366268017330,-2.4217961654894093,-20.016542597187758,-15.91304347826087,-31.223328591749645,9670,1949829870.0
042000,카페24,KOSDAQ,26,-0.12494960932752289,-0.11111111111111116,False,500488098300,15.819209039548031,-20.077972709551663,-35.73667711598746,-47.83715012722646,20500,4504224707.0
097950,CJ제일제당,KOSPI,26,-0.16617243854138158,-0.13333333333333336,False,2699215549800,-7.61316872427984,-20.53097345132744,-13.236714975845409,-23.083511777301922,179600,8867607955.0
478340,나라스페이스테크놀로지,KOSDAQ,26,-0.3702697779385909,-0.055555555555555525,True,202137325150,29.666160849772382,-55.725388601036265,-39.39716312056738,-37.05340699815838,17090,24220487033.0
094480,갤럭시아머니트리,KOSDAQ,26,-0.0005950064543189408,-0.15555555555555556,False,232240640960,15.473887814313336,-23.559539052496802,-35.24945770065075,-45.07819687212512,5970,3051348932.0
168360,펨트론,KOSDAQ,26,-0.44328548429569564,0.05555555555555558,False,359176614280,-13.76344086021506,-18.702483527622903,1.6476552598225558,-28.392857142857142,16040,1725732395.5
000270,기아,KOSPI,26,-0.5199169420251073,-0.05555555555555558,False,44077627474200,-25.526315789473685,-24.633821571238347,-6.135986733001664,8.63723608445297,113200,91010038360.0
481070,에이유브랜즈,KOSDAQ,26,0.3831541063327775,-0.1444444444444445,False,203506706000,2.0000000000000018,-10.750000000000004,-34.3448275862069,-32.4822695035461,14280,225895110.5
085670,뉴프렉스,KOSDAQ,26,-0.31290955842986756,-0.09999999999999998,False,90775319505,6.695156695156701,-30.130597014925375,-27.281553398058257,-30.000000000000004,3745,1003876780.25
179530,애드바이오텍,KOSDAQ,26,-0.03299400395511029,-0.21111111111111114,False,63959655600,3.482587064676612,-32.90322580645161,-3.0303030303030276,-45.691906005221924,2080,352804018.35
002030,아세아,KOSPI,26,0.14678540149180902,-0.0222222222222222,False,413829252000,15.999999999999993,-26.714801444043324,-37.73006134969326,-42.32954545454546,203000,385554980.0
474170,루미르,KOSDAQ,26,-0.314556057369728,-0.04444444444444445,False,131494596480,3.4482758620689724,-44.567627494456765,-22.199170124481327,-15.158371040723983,7500,399411820.5
059210,메타바이오메드,KOSDAQ,26,0.002637737376838551,-0.09999999999999998,False,99583345925,-0.538358008075368,-12.544378698224856,-26.026026026026027,-35.40209790209791,3695,255536845.5
298830,슈어소프트테크,KOSDAQ,26,-0.15980859670960657,-0.14444444444444443,False,234682810610,3.512880562060894,-35.380116959064324,-44.680851063829785,-2.104097452934661,4420,674066744.25
389140,포바이포,KOSDAQ,25,-0.12030613328506147,-0.0444444444444444,False,80338608050,10.331384015594548,-31.72496984318456,-15.522388059701498,-48.610858906845834,5660,237562262.0
211270,AP위성,KOSDAQ,25,-0.24972529081839007,-0.04444444444444445,False,143432711040,9.018264840182644,-40.75682382133995,-29.675994108983794,-22.983870967741936,9550,823476302.5
347860,알체라,KOSDAQ,25,-0.16654302899220688,0.09999999999999998,False,68373215434,6.4262295081967125,-10.82417582417582,-34.42424242424242,-43.1523642732049,1623,212575443.75
001550,조비,KOSPI,25,-0.0033863919523293593,-0.0222222222222222,False,52908915410,-3.8606403013182633,-38.083687083080655,-13.254035683942222,-16.584967320261434,10210,439211056.5
053050,지에스이,KOSDAQ,25,-0.019360840593331048,0.0222222222222222,False,56676558330,3.848268279274336,-33.835376532399295,-19.100642398286936,-30.67889908256881,1889,730779046.6
333620,엔시스,KOSDAQ,25,-0.020442192681128974,-0.055555555555555525,False,55539445500,-8.679927667269439,-12.780656303972371,-21.09375,-25.406203840472674,5050,348188815.0
017860,DS단석,KOSPI,25,-0.16491272478081367,-0.06666666666666665,False,229850314680,10.790144435004256,-34.8,-28.31225948323255,-35.13405959309556,13040,990444539.0
114190,강원에너지,KOSDAQ,25,-0.06889482130646628,0.0,False,233801190100,0.4479283314669624,-35.37463976945246,-28.24,-13.998082454458293,8970,726480407.5
451220,아이엠티,KOSDAQ,25,-0.5395748197426112,-0.011111111111111072,False,73233882300,-14.101382488479263,-20.205479452054796,-9.250243427458615,-19.307359307359306,9320,267328929.5
069960,현대백화점,KOSPI,25,-0.4629930945776459,-0.15555555555555556,False,1914964185600,-50.50167224080268,17.615894039735092,4.593639575971742,1.3698630136986356,88800,11576204675.0
001270,부국증권,KOSPI,25,-0.25060785696719207,-0.07777777777777778,False,517975805700,-10.139860139860135,-28.71012482662968,-7.885304659498205,-20.556414219474494,51400,319159515.0
396270,넥스트칩,KOSDAQ,25,-0.44857309898612674,-0.04444444444444445,False,80903080260,2.268041237113394,-32.97297297297297,-39.06633906633906,-10.307414104882461,2480,1323768143.25
041510,에스엠,KOSDAQ,25,0.0018717322508713732,-0.08888888888888885,False,1813259448000,3.95778364116095,-7.294117647058829,-40.483383685800604,-38.00157356412274,78800,10667067295.0
018310,삼목에스폼,KOSDAQ,25,-0.16790879339008172,-0.11111111111111105,False,222558000000,-1.6393442622950838,-19.484702093397743,-23.31288343558282,-31.97278911564626,15000,227705145.5
185750,종근당,KOSPI,25,-0.1540293794102783,-0.011111111111111127,False,899941256000,-5.3623188405797055,-25.96371882086168,-21.135265700483096,-20.268620268620264,65300,1140352470.0
321550,티움바이오,KOSDAQ,24,-0.05897151683449878,-0.11111111111111105,False,135924099375,10.228640192539107,-56.79245283018868,-25.407166123778502,-16.727272727272723,4580,683644239.0
009580,무림P&P,KOSPI,24,-0.03604130530295377,-0.07777777777777778,False,109331671972,9.316770186335411,-35.29411764705882,-29.032258064516125,-33.07984790874525,1760,2676772490.55
011230,삼화전자,KOSPI,24,-0.02657978549410333,-0.07777777777777783,False,51364303800,-25.174825174825177,2.294455066921608,-6.304728546409811,-24.435028248587574,2675,1163055090.75
080160,모두투어,KOSDAQ,24,-9.400920082487318e-05,-0.07777777777777778,False,154224000000,-1.0791366906474864,-25.406871609403257,-20.28985507246377,-30.962343096234314,8250,1130371431.0
376270,HEM파마,KOSDAQ,24,-0.47050196862586074,-0.16666666666666663,False,250865358250,-15.319662243667064,-48.98255813953488,-25.47770700636943,26.032315978456012,35100,276275027.5
205100,엑셈,KOSDAQ,24,-0.3073046035528986,-0.08888888888888885,False,97797013552,2.1846370683580085,-17.707150964812712,-27.86069651741293,-38.034188034188034,1450,668148655.9
021080,에이티넘인베스트,KOSDAQ,24,-0.29086034496087787,-0.2,False,100320000000,-2.9816513761467878,-27.938671209540033,-26.30662020905923,-19.274809160305338,2115,263623708.75
145720,덴티움,KOSPI,24,-0.3234198526182012,-0.11111111111111105,False,334175776250,-2.3989898989899006,-24.215686274509807,-19.47916666666667,-31.471631205673756,38650,418693910.0
290650,엘앤씨바이오,KOSDAQ,24,-0.6347113157837214,-0.09999999999999998,False,1448273104800,-32.90508554601593,-15.393654524089307,-10.647803425167535,11.847555923777954,54000,10920988892.5
333430,일승,KOSDAQ,24,-4.100545490056733e-06,-0.16666666666666663,False,119834313300,17.215568862275443,-30.585106382978722,-34.53177257525084,-49.35316946959897,3915,1164151142.5
065450,빅텍,KOSDAQ,24,-0.30139455786621205,-0.04444444444444445,False,92026905360,2.1416803953871577,-49.675324675324674,-13.649025069637888,-21.019108280254773,3100,2772243348.25
010690,화신,KOSPI,24,-0.47323944181077016,-0.07777777777777778,False,267490340600,-21.090534979423868,-29.112754158964883,-5.773955773955775,-3.034134007585332,7670,933037475.5
054620,APS,KOSDAQ,24,-0.24229396043537796,-0.11111111111111105,False,71277606375,-5.434782608695654,-51.0625,-4.395604395604391,-13.861386138613863,3915,289943194.25
095660,네오위즈,KOSDAQ,24,-0.03507738859755732,-0.0222222222222222,False,390321720360,-0.767964893033457,-23.021276595744677,-28.77952755905512,-27.05645161290322,18090,672468426.0
304100,솔트룩스,KOSDAQ,23,6.355508346883614e-08,-0.11111111111111116,False,194700998300,21.09803921568627,-26.30071599045346,-45.053380782918154,-51.29337539432177,15440,1116046997.0
010960,삼호개발,KOSPI,23,-0.03196872256039813,-0.08888888888888885,False,74651400000,-18.3377308707124,-17.466666666666665,-16.23815967523681,-10.54913294797688,3095,236605223.5
009070,KCTC,KOSPI,23,-0.0933884742007019,-0.03333333333333327,False,123600000000,2.4752475247524774,-29.35153583617748,-32.7922077922078,-24.314442413162705,4140,410880674.75
000100,유한양행,KOSPI,23,0.0013194646830673234,-0.12222222222222218,False,5454929372100,5.397727272727271,-20.04310344827587,-34.21985815602837,-38.11509591326106,74200,15356817040.0
011700,한신기계,KOSPI,23,-0.12102591585513978,-0.09999999999999998,False,82899915805,0.588235294117645,-41.169724770642205,-17.258064516129036,-24.558823529411768,2565,735197930.0
263750,펄어비스,KOSDAQ,23,-0.30618741291151547,-0.14444444444444443,False,2098986594000,-7.851239669421483,-47.07278481012658,-15.954773869346738,-3.183791606367581,33450,9733333417.5
003030,세아제강지주,KOSPI,23,-0.3081562640963832,-0.06666666666666665,False,477533052100,2.7604630454140633,-54.387351778656125,-8.990536277602523,-24.27821522309711,115400,2302497590.0
060280,큐렉소,KOSDAQ,23,-0.3107595138714081,-0.1444444444444445,False,362260956200,-0.5662514156285381,-41.27090301003344,-35.44117647058823,-4.565217391304344,8780,1506997649.0
001080,만호제강,KOSPI,23,-0.21520791086098523,-0.0222222222222222,False,140459840000,-14.621131270010668,-22.928709055876684,-9.194097616345065,-21.259842519685034,4000,181768091.75
218150,미래생명자원,KOSDAQ,23,-1.0588979807927646e-05,-0.16666666666666663,False,39402497860,15.937687237866992,-38.473767885532595,-35.5,-40.644171779141104,1935,475863785.6
036890,진성티이씨,KOSDAQ,23,-0.2673771548428609,-0.1777777777777778,False,251171902200,-17.32851985559567,-29.84068627450981,-10.756040530007793,-8.10593900481541,11450,737548056.5
108380,대양전기공업,KOSDAQ,23,-0.0070828348067850985,-0.06666666666666665,False,179387493750,2.6805251641137895,-26.247544204322203,-29.436090225563905,-33.321492007104794,18770,576207445.5
460940,피앤에스로보틱스,KOSDAQ,23,-0.034468631470585695,-0.1333333333333333,False,71043878400,14.224137931034475,-29.521276595744684,-55.61139028475712,-27.047487955953198,5300,400432711.25
366030,나인앤컴퍼니,KOSDAQ,23,-0.07451250495298398,-0.08888888888888885,False,98204439750,-20.43399638336347,-15.384615384615385,-22.535211267605636,-4.9676025917926525,4400,261418963.75
012320,경동인베스트,KOSPI,23,-0.09017279988247567,-0.05555555555555558,False,102760249350,-9.384775808133472,-22.410714285714285,-17.863894139886582,-24.82698961937716,43450,367979655.0
032300,한국파마,KOSDAQ,22,-0.19496521896529417,-0.06666666666666671,False,95106432720,5.766871165644161,-21.990950226244344,-35.333833458364595,-38.20788530465949,8620,930590376.0
097520,엠씨넥스,KOSPI,22,-0.03986477568044962,0.011111111111111127,False,337763115000,-3.076923076923077,-10.821917808219183,-32.655172413793096,-34.46308724832215,19530,516670318.5
025540,한국단자,KOSPI,22,-0.5934167269708799,-0.011111111111111072,False,567451500000,-19.252873563218387,-23.537414965986393,-15.233785822021117,-7.413509060955514,56200,921679200.0
001780,알루코,KOSPI,22,-0.30166881489952907,-0.1777777777777777,False,156864813840,-3.6137440758293837,-33.319672131147534,-24.325581395348838,-20.049140049140046,1627,374870472.55
017180,명문제약,KOSPI,22,-0.045482518768243725,-0.09999999999999998,False,43222746942,0.6304176516942483,-30.370774263904032,-30.18042646254784,-25.66938300349243,1277,447062905.4
010140,삼성중공업,KOSPI,22,-0.4512340753429333,-0.12222222222222223,False,17564800000000,-15.234042553191484,-28.602150537634408,-17.51552795031056,-8.832951945080092,19920,67061869153.0
230240,에치에프알,KOSDAQ,22,-0.7463243337845266,-0.07777777777777783,False,191117240000,-16.59965537047674,-57.16814159292035,8.11615785554729,-3.649635036496346,14520,2522372422.0
900140,엘브이엠씨홀딩스,KOSPI,22,-0.2813165986925481,-0.1555555555555555,False,229183152352,-4.658634538152606,-25.063131313131315,-21.12956810631229,-30.706363105662582,1187,447541547.35
054210,이랜텍,KOSDAQ,22,-0.3333528956878124,-0.16666666666666663,False,171727315900,-12.031047865459254,-31.313131313131315,-21.387283236994215,-9.57446808510638,6800,632252322.5
053950,경남제약,KOSDAQ,22,-7.838412318421717e-06,-0.11111111111111116,False,39160819404,18.639053254437865,-49.875,-41.96816208393632,-32.60504201680672,2005,2202315397.2
206640,바디텍메드,KOSDAQ,22,-0.08789195306853556,-0.07777777777777783,False,213602229750,-10.560146923783286,-8.886810102899911,-26.656626506024097,-30.676156583629886,9740,257517465.0
394280,오픈엣지테크놀로지,KOSDAQ,22,-0.589921272686168,0.011111111111111127,False,279009752700,-4.766187050359716,-26.66204986149584,-31.94087403598972,-19.28353658536586,10590,1003166054.0
279570,케이뱅크,KOSPI,22,-0.04230295241234678,-0.05555555555555558,True,2186696863890,-4.262877442273538,-8.333333333333337,-35.29411764705882,-35.29411764705882,5390,3213462837.5
003310,대주산업,KOSDAQ,22,-0.16703782658285626,-0.09999999999999998,False,59494540350,3.658536585365857,-51.07913669064747,-49.47994056463596,5.787181082762904,1700,399765949.8
214450,파마리서치,KOSDAQ,22,0.27933533046620074,-0.12222222222222223,False,3179232288000,-9.97067448680352,5.679862306368322,-29.262672811059907,-44.18181818181818,307000,33096597275.0
137310,에스디바이오센서,KOSPI,21,-0.2112364932406416,-0.011111111111111127,False,765549306680,-3.0581039755351647,-15.127175368139223,-30.176211453744493,-36.34538152610441,6340,637816328.5
348080,큐라티스,KOSDAQ,21,-0.016612839149012276,-0.0888888888888889,False,49130293990,42.407407407407405,-52.4780620442467,-66.3044430812374,-53.82490692926625,3845,1232372595.25
000250,삼천당제약,KOSDAQ,21,-0.5290179420150709,-0.08888888888888885,False,4855696704000,-1.869158878504673,-67.5925925925926,-14.110429447852757,-2.5522041763341052,210000,18838971570.0
008770,호텔신라,KOSPI,21,-0.5635902501473531,-0.12222222222222218,False,1542451155300,-22.593320235756387,-8.584686774941996,-13.501646542261248,-20.88353413654619,39400,7124937100.0
000120,CJ대한통운,KOSPI,21,-0.21464398177657026,-0.16666666666666663,False,1612832720800,-7.702349869451696,-31.55856727976767,-25.578947368421055,-15.73301549463647,70700,3065393030.0
081180,쎄크,KOSDAQ,21,-0.2859460272297053,-0.04444444444444445,False,59131084500,17.801047120418858,-42.356959863364644,-57.27848101265822,-24.242424242424242,6750,727374302.0
212710,아이에스티이,KOSDAQ,21,-0.5491641268797253,-0.04444444444444445,False,73056634560,-20.71881606765328,4.022191400832176,-14.77272727272727,-36.11584327086882,7500,396221104.5
267260,HD현대일렉트릭,KOSPI,21,-0.5295137871516432,-0.09999999999999998,False,24439957530000,-28.253968253968253,-23.216308040770105,-17.216117216117222,8.479999999999999,678000,82398963850.0
029780,삼성카드,KOSPI,21,-0.074005588350019,-0.2222222222222222,False,4860280477450,-15.346038114343031,-19.00191938579654,-22.283609576427253,-16.600790513833996,42200,4072076092.5
297890,HB솔루션,KOSDAQ,21,-0.1605272385180617,-0.05555555555555558,False,121487058154,-3.6994219653179172,-13.048016701461373,-25.624999999999996,-42.84734133790737,1666,424503887.3
299030,하나기술,KOSDAQ,21,-0.13179294679157277,0.03333333333333327,False,124480748700,15.095729013254777,-39.06432748538011,-38.22134387351779,-41.89591078066914,15630,510392624.5
215600,신라젠,KOSDAQ,21,-0.03916238559632878,-0.21111111111111108,False,326986411040,2.386117136659438,-38.541666666666664,-32.763532763532766,-22.622950819672127,2360,1582909118.0
011210,현대위아,KOSPI,21,-0.45226231675608286,-0.07777777777777778,False,1446778415600,-16.84867394695788,-30.417754569190603,-32.786885245901644,7.459677419354849,53300,3041895590.0
322180,LS티라유텍,KOSDAQ,21,-0.27820193308685626,-0.11111111111111105,False,99526970780,4.044943820224711,-31.305637982195844,-53.97614314115309,-12.310606060606055,4630,260238914.75
005860,한일사료,KOSDAQ,20,-0.03841434797903779,-0.1777777777777777,False,93189715025,1.93965517241379,-42.38733252131547,-23.214285714285708,-27.786259541984737,2365,2080773220.5
001520,동양,KOSPI,20,-0.01523623110337702,-0.11111111111111116,False,121797750384,3.3636363636363686,-25.393700787401574,-33.81839348079162,-37.04318936877077,1137,1387039367.55
013360,일성건설,KOSPI,20,0.0007622762651280337,-0.07777777777777778,False,74284210000,-14.125700062227754,-26.16372391653291,-38.53006681514477,2.9850746268656803,1380,255837260.55
128820,대성산업,KOSPI,20,-0.31397886837324707,-0.0888888888888889,False,189084298040,-2.674418604651163,-37.06766917293233,-42.51373626373627,-5.102040816326525,4185,536168971.25
460930,현대힘스,KOSDAQ,20,-0.005087833096844873,-0.08888888888888885,False,465544896810,6.509357200976407,-29.623655913978496,-25.114416475972547,-48.362919132149905,13090,1543104465.5
108320,LX세미콘,KOSPI,20,-0.41026639199978243,-0.1333333333333333,False,608284820000,-4.2038216560509545,-23.732251521298174,-25.24850894632207,-33.333333333333336,37600,3707161807.5
475400,씨메스로보틱스,KOSDAQ,20,-0.1903599956874782,-0.21111111111111108,False,225865882220,7.270693512304249,-36.27906976744186,-42.66068759342302,-26.51340996168582,19180,1907508227.5
453450,그리드위즈,KOSDAQ,20,-0.25097948763772965,-0.011111111111111127,False,104923727500,-8.299039780521266,-41.74291938997822,-6.958942240779398,-25.8046614872364,13370,234689951.5
451760,컨텍,KOSDAQ,20,-0.4998112256477999,-0.0222222222222222,False,145763644420,-7.814149947201687,-51.741293532338304,-26.079593564775617,2.1052631578947434,8730,1120746673.0
469610,이노테크,KOSDAQ,20,-0.000912673788698612,-0.08888888888888885,True,140671817000,16.323529411764714,-12.69315673289183,-38.44357976653696,-73.0952380952381,15820,1373889040.5
0008Z0,에스엔시스,KOSDAQ,20,-0.07501457488750782,-0.1555555555555555,False,224118395000,-1.855670103092788,-25.624999999999996,-21.19205298013245,-41.59509202453988,23800,390767380.0
491000,리브스메드,KOSDAQ,20,-0.30165676035030625,-0.1555555555555555,True,916766337300,5.693430656934306,-44.90106544901066,-32.33644859813084,-27.016129032258064,36200,6712284075.0
065680,우주일렉트로,KOSDAQ,20,-0.5610845081697251,-0.2,False,228723916300,-14.720812182741117,0.8000000000000007,-29.510489510489514,-34.883720930232556,25200,520703230.0
018290,브이티,KOSDAQ,20,-0.002824441492139565,-0.18888888888888888,False,439917740420,6.060606060606055,-15.831663326653311,-31.707317073170728,-57.647058823529406,12600,2009891279.5
030520,한컴,KOSDAQ,20,-0.1082833193531546,-0.06666666666666665,False,415408001920,-11.294481691593605,-10.041841004184104,-27.118644067796616,-33.333333333333336,17200,1984772272.0
035890,서희건설,KOSDAQ,19,0.007328751464434032,-0.06666666666666665,False,459808607240,-1.3274336283185861,-30.312499999999996,-30.312499999999996,-30.312499999999996,2230,593920041.75
299170,더블유에스아이,KOSDAQ,19,-0.23078584618630812,-0.09999999999999998,False,61229149800,7.179115300942707,-39.6734693877551,-50.235690235690235,-18.07095343680709,1478,3718591404.05
225190,LK삼양,KOSDAQ,19,-0.22609741974070552,-0.25555555555555554,False,70609376880,14.651162790697668,-47.159699892818864,-31.432545201668983,-45.10022271714922,4930,2162841843.25
432320,KB스타리츠,KOSPI,19,0.11976968285673005,0.16666666666666663,False,247856484540,19.897585954645216,-25.330296127562647,-51.6519174041298,-58.715365239294705,1639,714390088.7
310200,애니플러스,KOSDAQ,19,-0.00473513143846626,0.0222222222222222,False,113975796660,0.691244239631339,-17.077798861480076,-36.94083694083694,-43.320363164721144,2185,381198201.35
010660,화천기계,KOSPI,19,-0.009095741799049222,0.0,False,69300000000,10.600706713780927,-49.35275080906148,-35.53038105046345,-32.976445396145614,3130,233034232.0
039020,이건홀딩스,KOSDAQ,19,-0.04975890575635472,-0.07777777777777783,False,59962402395,0.0,-17.500000000000004,-36.385542168674704,-42.79523293607801,2640,230093692.75
036530,SNT홀딩스,KOSPI,19,-0.17697680263483642,-0.22222222222222227,False,738566035800,-10.256410256410254,-21.8213058419244,-17.272727272727273,-37.15469613259669,45500,563424810.0
041020,폴라리스오피스,KOSDAQ,19,-0.08480950099828488,-0.2,False,158491299670,0.0,-25.17564402810304,-31.06796116504854,-41.37614678899083,3195,443328848.0
475960,토모큐브,KOSDAQ,19,-0.38894229626220855,-0.08888888888888885,False,462232768200,1.4662756598240456,-36.74588665447898,-29.746192893401012,-34.0952380952381,34600,1260964527.5
450080,에코프로머티,KOSPI,19,-0.461626092512711,-0.07777777777777778,False,2690927060000,-4.619225967540574,-44.23357664233577,-24.05566600397614,-20.250521920668064,38200,9500216817.5
285490,노바텍,KOSDAQ,19,-0.15876382453405366,-0.1444444444444445,False,132832437360,7.082630691399672,-38.795180722891565,-41.743119266055054,-31.903485254691688,12700,241585313.0
329180,HD현대중공업,KOSPI,19,-0.5941113907006594,-0.16666666666666663,False,44713481850000,-26.16984402079723,-11.157455683003125,-15.476190476190476,-19.318181818181824,426000,122089657350.0
002700,신일전자,KOSPI,19,-0.4169980177069173,-0.16666666666666663,False,69232996210,-13.281919451585267,-26.931407942238273,-23.041825095057035,-22.033898305084744,1012,474635363.35
033230,인성정보,KOSDAQ,19,-0.13987096098622673,-0.1555555555555555,False,55718464140,7.545367717287488,-31.29957291031117,-39.13513513513514,-43.24596774193549,1126,198846373.6
187420,HLB제넥스,KOSDAQ,18,-0.05671396445997886,-0.08888888888888885,False,62351848770,-2.5862068965517238,-24.66666666666667,-31.146953405017918,-37.62987012987013,1921,621596231.0
067000,조이시티,KOSDAQ,18,-0.01697484247083503,0.0,False,85631721350,12.90622098421541,-47.35930735930736,-43.963133640552996,-33.18681318681319,1216,740111565.6
271980,제일약품,KOSPI,18,-0.023026033879421228,-0.12222222222222218,False,147048720000,-2.257114818449457,-25.89285714285714,-34.08338848444738,-34.257425742574256,9960,211741780.5
307750,국전,KOSDAQ,18,-0.034312532426197195,-0.15555555555555556,False,127407639680,4.867256637168138,-38.91752577319587,-32.38231098430813,-37.467018469656985,2370,305420898.0
100130,동국S&C,KOSDAQ,18,-0.21375568694390157,-0.09999999999999998,False,89428795000,-2.3558586484810906,-37.74703557312253,-23.17073170731707,-33.82352941176471,1575,2120797189.8
361390,제노코,KOSDAQ,18,-0.3585829717159927,-0.1777777777777778,False,135627787330,-1.0706638115631661,-50.76376554174067,-28.4460505937016,-18.230088495575224,13860,315446230.0
105840,우진,KOSPI,18,-0.3377216842343332,-0.12222222222222223,False,273880405200,-15.021725636250771,-41.495726495726494,-20.26790914385557,-7.997311827956988,13690,6526063966.5
352480,씨앤씨인터내셔널,KOSDAQ,18,0.05684014237034598,-0.07777777777777783,False,281457455650,3.603603603603611,-19.611650485436893,-37.08206686930091,-50.59665871121719,20700,275646590.0
039490,키움증권,KOSPI,18,-0.5871279665728372,-0.1777777777777778,False,6806248002000,-25.68149210903874,-37.13592233009708,-14.096185737976786,2.371541501976293,259000,17306779175.0
003220,대원제약,KOSPI,18,-0.10846008725745626,-0.07777777777777772,False,176953629870,-1.8656716417910446,-23.099415204678365,-34.25,-39.72498090145149,7890,202254877.0
063080,컴투스홀딩스,KOSDAQ,18,-0.06104964108383313,-0.21111111111111108,False,82044188480,-1.9685039370078705,-30.91009988901221,-26.02495543672014,-40.144230769230774,12450,262834202.5
065350,신성델타테크,KOSDAQ,18,-0.2246957085306245,-0.12222222222222218,False,894602507400,10.81081081081081,-39.033457249070636,-42.25352112676056,-41.637010676156585,32800,2713297490.0
259960,크래프톤,KOSPI,18,-0.25583362835691614,-0.05555555555555558,False,9141913030800,-15.286624203821653,-18.069815195071868,-19.556451612903224,-33.27759197324415,199500,15039868330.0
402030,코난테크놀로지,KOSDAQ,18,-0.009989608923598346,-0.12222222222222223,False,161725944960,7.641741988496298,-26.89732142857143,-39.770114942528735,-50.095238095238095,13100,223758150.5
051370,인터플렉스,KOSDAQ,17,-0.4200626034524255,-0.09999999999999998,False,166558150080,-1.5068493150684925,-42.016129032258064,-30.798845043310873,-25.723140495867767,7190,1656815600.5
206650,유바이오로직스,KOSDAQ,17,-0.06310322124437513,-0.2,False,310556994150,-2.066590126291623,-36.627043090638935,-25.2410166520596,-35.62264150943396,8530,689892531.5
003620,KG모빌리티,KOSPI,17,-0.35775911379950615,-0.1555555555555555,False,513020401920,-12.99145299145299,-24.592592592592588,-27.181688125894134,-24.255952380952383,2545,1187828264.75
091700,파트론,KOSDAQ,17,-0.4067263824110712,-0.1444444444444445,False,260500000000,-12.603648424543945,-34.04255319148937,-24.063400576368878,-18.79815100154083,5270,443150335.5
213420,덕산네오룩스,KOSDAQ,17,-0.12585572010402465,-0.08888888888888885,False,746176928950,-6.511627906976747,-31.242873432155072,-20.238095238095234,-37.83505154639175,30150,5672540367.5
237690,에스티팜,KOSDAQ,17,-0.4925150153454496,-0.07777777777777778,False,1947790325400,-28.505747126436788,-32.440260680666185,-18.869565217391305,5.067567567567566,93300,8664242420.0
382840,원준,KOSDAQ,17,-0.31068720357311835,-0.0222222222222222,False,81244810920,0.0,-36.1904761904762,-30.208333333333336,-37.23653395784543,5360,308479529.0
078140,대봉엘에스,KOSDAQ,17,-0.05547817561885427,-0.16666666666666663,False,84036268820,-1.0389610389610393,-22.79635258358662,-36.81592039800995,-42.09726443768997,7620,215139144.5
317450,명인제약,KOSPI,17,-0.00016625632998022561,-0.22222222222222215,False,637290000000,2.2248243559718883,-16.85714285714286,-29.139610389610393,-62.30569948186528,43650,470723302.5
011330,유니켐,KOSPI,17,0.0007178831691744425,-0.12222222222222223,False,42028798880,33.49358974358974,-32.71405492730211,-66.68,-71.5311004784689,4165,459203179.0
064260,다날,KOSDAQ,17,-0.02320617141490666,-0.14444444444444443,False,344186829350,6.039488966318229,-23.916666666666664,-37.80653950953678,-54.30430430430431,4565,5734703826.0
036220,오상헬스케어,KOSDAQ,17,0.0018994191306565796,-0.07777777777777783,False,91580262400,10.598290598290605,-23.341232227488153,-46.08333333333333,-55.80601092896175,6470,2132405873.5
047920,HLB제약,KOSDAQ,17,-0.27621881879290255,-0.0444444444444444,False,328321553560,-7.822254865956668,-33.68560105680317,-35.183989670755324,-19.705694177863087,10040,8173897150.0
365550,ESR켄달스퀘어리츠,KOSPI,17,-0.3326493320575711,-0.1444444444444445,False,762875900000,-7.692307692307687,-30.666666666666664,-27.52613240418118,-31.04972375690608,3120,764343615.0
000440,중앙에너비스,KOSDAQ,17,-0.3686248003592612,-0.05555555555555558,False,78212752800,-6.766917293233088,-47.56871035940803,-21.119592875318062,-22.837585563161166,12400,1305605122.5
196300,HLB펩,KOSDAQ,16,-0.060780215575359696,0.0222222222222222,False,43482277260,3.619909502262453,-34.57142857142858,-41.206675224646986,-36.652835408022135,4580,189944740.75
064820,케이프,KOSDAQ,16,-0.4647310418442413,-0.08888888888888885,False,245030107100,-11.66666666666667,-23.63112391930836,-18.20987654320988,-40.1355421686747,7950,287392902.0
092220,KEC,KOSPI,16,-0.4321260248889544,-0.1333333333333333,False,129090699020,-6.791907514450868,-59.17721518987342,-10.788381742738585,-21.912832929782077,3225,2091114353.5
008040,사조동아원,KOSPI,16,-0.16696245853571356,-0.10000000000000003,False,106423028400,-6.913580246913575,-22.903885480572594,-30.889092575618694,-37.891268533772646,7540,239942979.0
326030,SK바이오팜,KOSPI,16,-0.09205245259308037,-0.11111111111111105,False,5936144350000,-11.368909512761016,-18.80977683315622,-37.83563873067535,-26.538461538461533,76400,8781208140.0
095700,제넥신,KOSDAQ,16,-0.01007116945115787,-0.21111111111111114,False,126147168380,13.052208835341371,-39.20086393088553,-42.43353783231084,-50.440140845070424,2815,1058184315.25
144510,지씨셀,KOSDAQ,16,-0.18344532982687953,-0.13333333333333336,False,230369015520,0.0,-36.506550218340614,-41.48893360160966,-28.01980198019802,14540,697520175.0
002780,진흥기업,KOSPI,16,-0.3923639563129501,-0.23333333333333334,False,95138517960,-29.166666666666664,-29.617834394904463,-9.673024523160766,-8.677685950413228,6630,647677527.0
035000,HS애드,KOSPI,16,-0.1578005262366447,-0.04444444444444445,False,99839087040,-11.637931034482762,-25.544794188861985,-27.8169014084507,-29.714285714285715,6150,939741996.0
048870,시너지이노베이션,KOSDAQ,16,-0.1741804281324845,-0.16666666666666663,False,140794926874,-6.608187134502918,-22.4757281553398,-32.18683651804671,-38.92925430210325,1597,367390069.6
078160,메디포스트,KOSDAQ,16,-0.10700006915895842,-0.16666666666666663,False,380676695130,5.901639344262288,-48.43001596593933,-41.02251978088862,-29.73168963016679,9690,333792260.0
035760,CJ ENM,KOSDAQ,16,-0.0013689425659966566,-0.07777777777777778,False,771906220800,11.783439490445868,-34.39252336448598,-47.376311844077954,-50.07112375533428,35100,2994010957.5
215100,로보로보,KOSDAQ,16,-0.177257549100186,-0.14444444444444443,False,85361764530,4.0791100123609425,-36.11532625189682,-47.24310776942355,-33.28050713153724,4210,292565475.5
019990,에너토크,KOSDAQ,16,-0.14822511236029237,-0.011111111111111072,False,50926779360,-3.6832412523020275,-40.29680365296804,-25.920679886685548,-35.27227722772277,5230,700775028.0
123690,한국화장품,KOSPI,15,-0.021368949824105785,-0.1444444444444445,False,104281320000,-3.714710252600295,-17.24137931034483,-46.88524590163935,-37.87152444870565,6480,1666770768.0
052400,코나아이,KOSDAQ,15,-0.4607919031146185,-0.1444444444444445,False,549036070700,-19.65993623804463,-30.514705882352942,-19.57446808510638,-21.085594989561585,37800,2287914652.5
068760,셀트리온제약,KOSDAQ,15,-0.09853816551032253,-0.13333333333333336,False,1705049548800,-8.114558472553702,-29.357798165137616,-37.802907915993536,-27.428323688526135,38500,3204117720.0
017810,풀무원,KOSPI,15,-0.059101525196195735,-0.25555555555555554,False,331648715400,-6.015037593984962,-27.204658901830282,-32.588597842835135,-39.109255393180234,8750,200014822.0
362320,청담글로벌,KOSDAQ,15,0.03159221186906961,-0.12222222222222218,False,86910251400,-7.71775082690187,-13.264248704663217,-33.57142857142858,-49.33414043583535,4185,407891217.75
099430,바이오플러스,KOSDAQ,15,-0.5607636367949174,-0.23333333333333334,False,233310132770,-7.757575757575763,-27.52380952380953,-25.68359375,-43.03892215568862,3805,541521262.25
377190,디앤디플랫폼리츠,KOSPI,15,-0.0012401035647402114,-0.055555555555555525,False,176358000000,2.6207605344295892,-34.63175122749591,-41.264705882352935,-41.264705882352935,1997,458526429.9
458870,씨어스,KOSDAQ,15,-0.3788827849231108,-0.055555555555555525,False,1035324774000,-25.51724137931034,-43.27731092436975,-34.1286686672034,16.319145269688097,27000,4623075132.5
001040,CJ,KOSPI,15,-0.4472072957974515,-0.0222222222222222,False,3836775237000,-15.53836234687298,-31.305715783953858,-24.408540103866127,-26.52832305103757,131000,13899747485.0
038110,에코플라스틱,KOSDAQ,15,-0.14821318481213902,-0.13333333333333336,False,84808902200,1.2315270935960632,-46.96774193548387,-33.81642512077294,-35.07109004739336,2055,279184681.85
011390,부산산업,KOSPI,15,7.627069987019076e-05,-0.07777777777777783,False,50476800000,1.5739769150052485,-32.212885154061624,-39.5,-45.372460496613996,48400,274131940.0
019180,티에이치엔,KOSPI,15,-0.5262901410841441,-0.11111111111111105,False,91260000000,-17.741935483870964,-31.63538873994638,-36.09022556390977,-10.839160839160844,5100,311853856.5
251270,넷마블,KOSPI,15,-0.2220647314592761,-0.06666666666666671,False,2939650323750,-7.7225130890052345,-29.500000000000004,-28.85973763874874,-40.2542372881356,35250,23686327035.0
0126Z0,삼성에피스홀딩스,KOSPI,15,-0.44189199913522165,-0.0444444444444444,True,9082312885000,-11.764705882352944,-26.204819277108438,-48.60139860139861,-16.19156214367161,367500,12280543025.0
039980,폴라리스AI,KOSDAQ,15,-0.06353610953627381,-0.18888888888888888,False,73056567120,10.55495103373232,-30.114183519053515,-45.645195805692275,-60.181846684433296,5080,956638959.5
069620,대웅제약,KOSPI,14,-0.07336695421243213,-0.09999999999999998,False,1262936675000,-17.509433962264154,-29.80089916506101,-34.156626506024104,-17.38473167044595,109300,1991414940.0
391710,코닉오토메이션,KOSDAQ,14,-0.2060603719832302,-0.24444444444444446,False,53573930790,4.549214226633591,-29.108244531688165,-48.51323828920571,-47.87628865979382,1264,1092904211.95
200670,휴메딕스,KOSDAQ,14,-0.051136442112192024,-0.15555555555555556,False,288609201000,-4.612546125461259,-20.583717357910903,-37.25728155339806,-49.51171875,25850,732444315.0
006650,대한유화,KOSPI,14,-0.38842429810875284,-0.15555555555555556,False,594750000000,-17.32851985559567,-29.484218629715166,-34.100719424460436,-19.152691968225945,91600,5046998720.0
095500,미래나노텍,KOSDAQ,14,-0.14450097310874868,-0.033333333333333326,False,220481092890,-20.558659217877096,-23.875802997858674,-29.394240317775566,-23.135135135135133,7110,426550336.0
286750,나노실리칸첨단소재,KOSDAQ,14,-0.10033373360591229,-0.08888888888888885,False,40676647120,-32.94614572333685,4.526748971193406,-27.22063037249284,-29.08989391401452,2540,283571970.5
003090,대웅,KOSPI,14,-0.11234674565773788,-0.05555555555555558,False,891897973200,-13.843556555993242,-32.40618101545254,-28.457943925233643,-29.770642201834864,15310,1046813724.5
015760,한국전력,KOSPI,14,-0.42214330971344227,-0.07777777777777778,False,19291020513850,-21.307189542483663,-25.310173697270464,-35.26881720430107,-15.211267605633804,30100,46488907692.5
389030,지니너스,KOSDAQ,14,-0.46797086739238297,-0.2,False,82329846390,-7.158836689038028,-59.551656920077974,-41.05113636363637,-3.488372093023251,2075,1056910124.8
003780,진양산업,KOSPI,14,-0.32133459104610274,-0.09999999999999998,False,53755000000,-9.436008676789587,-23.253676470588236,-37.77943368107303,-38.78299120234604,4175,494902638.75
047400,유니온머티리얼,KOSPI,14,-0.28268905174740283,-0.16666666666666663,False,38346000000,-5.2083333333333375,-44.308445532435734,-33.72177713037144,-30.534351145038162,910,308596046.0
377480,마음AI,KOSDAQ,14,-0.11689516990409694,-0.1333333333333333,False,72382599500,7.643312101910826,-27.98295454545454,-48.423194303153615,-58.012422360248436,10140,479233996.5
039130,하나투어,KOSPI,14,-0.12302784686438797,-0.055555555555555525,False,463148966800,-8.371385083713855,-25.12437810945274,-38.065843621399175,-39.25327951564077,30100,922074117.5
005250,녹십자홀딩스,KOSPI,14,-0.15063439186520752,-0.16666666666666663,False,455233072800,-6.551059730250486,-29.659173313995645,-39.10860012554927,-38.21656050955414,9700,885278305.5
475580,에이럭스,KOSDAQ,14,-0.06455262931327367,-0.12222222222222223,False,101641754000,-2.975420439844756,-45.175438596491226,-34.03693931398417,-35.567010309278345,7500,1698968876.5
048550,SM C&C,KOSDAQ,13,5.894375138001144e-06,-0.011111111111111127,False,99809487840,-34.97506234413965,-5.267938237965486,-24.145454545454548,-21.578947368421055,1043,355691094.4
016880,웅진,KOSPI,13,-0.024090854409503235,-0.07777777777777783,False,147225681360,-6.653123412899953,-31.28971962616822,-19.03083700440529,-57.60092272202999,1838,188859882.55
475560,더본코리아,KOSPI,13,-0.006379395114349007,-0.16666666666666663,False,211891691300,-2.5727826675693954,-32.28235294117647,-40.53719008264463,-43.89863547758285,14390,426256793.5
200130,콜마비앤에이치,KOSDAQ,13,-0.09026622223305122,-0.27777777777777773,False,231355486320,-4.852071005917158,-27.23981900452489,-38.81278538812786,-46.4,8040,534466458.5
101360,에코앤드림,KOSDAQ,13,-0.24183008363455857,-0.14444444444444443,False,157584970040,13.060179257362359,-48.05882352941177,-47.34645199761479,-52.906666666666666,8830,550701935.5
163280,에어레인,KOSDAQ,13,-0.14095902307614067,0.0,False,52235819520,1.1842105263157876,-34.04802744425386,-41.9622641509434,-48.6648865153538,3845,523539510.25
106190,하이텍팜,KOSDAQ,13,-0.5236353528315917,-0.10000000000000003,False,108033037680,-19.620253164556967,-48.16326530612245,-15.050167224080269,-21.96620583717358,10160,203279505.5
215000,골프존,KOSDAQ,13,-0.38584911666624566,-0.12222222222222223,False,224032315500,-11.276332094175956,-25.260960334029225,-36.86067019400353,-42.16478190630048,35800,560890640.0
381620,제닉스로보틱스,KOSDAQ,13,-0.28025881656814716,-0.16666666666666663,False,81987000000,2.1381578947368363,-28.538550057537403,-51.17924528301887,-51.5600624024961,6210,267727899.5
114840,아이패밀리에스씨,KOSDAQ,13,-0.002222363133029228,-0.011111111111111072,False,139956820150,0.23923444976077235,-23.88737511353315,-44.058744993324424,-59.61445783132531,8380,246131961.5
054540,삼영엠텍,KOSDAQ,13,-0.31226070883541207,-0.0222222222222222,False,93860000000,-3.1039136302294157,-35.256988277727686,-48.86039886039886,-37.072743207712534,7180,516607157.0
403850,더핑크퐁컴퍼니,KOSDAQ,13,0.03959608646247345,-0.11111111111111105,True,174508281600,8.579088471849872,-23.87218045112782,-50.306748466257666,-70.75812274368232,12150,990856532.0
025320,시노펙스,KOSDAQ,13,-0.20865220233135398,-0.08888888888888885,False,367499700705,-11.615044247787608,-31.825938566552903,-33.63787375415283,-39.10989178478891,3995,1155440713.75
033500,동성화인텍,KOSDAQ,13,-0.15008572738901663,-0.12222222222222223,False,490928016780,-7.037457434733263,-36.63442940038685,-31.891891891891888,-45.4,16380,1342189938.5
035720,카카오,KOSPI,12,-0.11072779952082565,-0.0888888888888889,False,14818346755350,-5.915492957746482,-26.106194690265482,-46.2157809983897,-43.95973154362416,33400,48104902412.5
226400,오스테오닉,KOSDAQ,12,-0.05621554188285461,-0.1444444444444445,False,86055568165,-6.999999999999995,-36.78247734138973,-34.198113207547166,-43.13858695652174,4185,416091503.5
122870,와이지엔터테인먼트,KOSDAQ,12,-0.011086419905849531,-0.11111111111111116,False,759791141850,-3.78250591016549,-20.196078431372545,-42.1875,-58.38445807770961,40700,4788404417.5
079960,동양이엔피,KOSDAQ,12,-0.3895961380473379,-0.2,False,128755768900,-17.93269230769231,-37.472527472527474,-33.05882352941176,-22.409090909090914,17070,405087090.0
006880,신송홀딩스,KOSPI,12,-0.28949605102789566,-0.15555555555555556,False,49917780760,-6.994535519125689,-39.55965909090909,-37.973760932944614,-37.33431516936672,4255,473298803.75
358570,지아이이노베이션,KOSDAQ,12,-0.32374938006511195,-0.05555555555555558,False,569031172920,-0.22246941045606095,-28.411811652035112,-47.04840613931523,-53.03664921465969,8970,3016832842.0
036620,감성코퍼레이션,KOSDAQ,12,-0.33471210135366364,-0.21111111111111114,False,334739466400,-12.470588235294123,-30.075187969924812,-35.416666666666664,-38.51239669421488,3720,799055700.25
228760,지노믹트리,KOSDAQ,12,-0.04921590457590765,-0.1777777777777778,False,303282264400,-0.6525285481239762,-27.75800711743772,-58.851351351351354,-41.3012048192771,12180,1161225466.5
214420,토니모리,KOSPI,12,-0.023138557631804293,-0.10000000000000003,False,121476734950,-4.868913857677903,-21.96620583717358,-46.30021141649049,-51.434034416826,5080,253127283.25
214330,금호에이치티,KOSPI,12,-0.03493396779119449,-0.13333333333333336,False,73930488030,2.446043165467615,-29.25278219395866,-49.95079432025869,-55.17784073024866,7120,854331506.0
059270,해성에어로보틱스,KOSDAQ,12,-0.5102859767247633,-0.1777777777777777,False,61185838520,-9.405940594059404,-45.099999999999994,-45.3187250996016,-20.434782608695656,5490,390213949.5
051980,중앙첨단소재,KOSDAQ,12,-0.1985450481095993,-0.0888888888888889,False,114424451000,9.071504802561359,-32.047872340425535,-58.62348178137652,-57.23849372384937,10220,1071628221.5
199800,툴젠,KOSDAQ,12,-0.4312805868503394,-0.24444444444444452,False,310868081950,-2.7898744135082754,-38.56534090909091,-43.684895833333336,-42.107552789211255,34600,1127337755.0
251370,와이엠티,KOSDAQ,12,-0.64911774002366,-0.04444444444444445,False,168423541550,-9.999999999999998,-39.92297817715019,-25.9493670886076,-44.11940298507463,9360,922105343.0
014970,삼륭물산,KOSDAQ,12,-0.1670997080435185,-0.0222222222222222,False,66119500000,-3.056768558951961,-46.506024096385545,-42.112125162972625,-36.115107913669064,4440,502279977.25
950130,엑세스바이오,KOSDAQ,11,-0.099603834826238,-0.12222222222222223,False,76503088950,-2.2522522522522515,-22.361359570661897,-50.68181818181819,-53.333333333333336,2170,183371764.25
389260,대명에너지,KOSDAQ,11,-0.09362441821126957,-0.055555555555555525,False,239541265250,-5.653710247349819,-51.098901098901095,-28.418230563002677,-40.134529147982065,13350,1078556672.0
208370,셀바스헬스케어,KOSDAQ,11,-0.3608910201561979,-0.1111111111111111,False,68469900240,-5.799648506151145,-36.94117647058823,-52.65017667844523,-30.026109660574406,2680,1780322596.0
308430,셀비온,KOSDAQ,11,-0.38785982680930325,-0.1444444444444445,False,188674769620,-14.569923932124052,-50.592216582064296,-34.08577878103838,-17.839054586381543,14600,463419109.5
014940,오리엔탈정공,KOSDAQ,11,-0.18721645623258917,-0.0444444444444444,False,209183103990,-4.7717842323651505,-30.349013657056144,-40.07832898172323,-52.03761755485894,4590,536654781.5
046940,우원개발,KOSDAQ,11,-0.261893946423086,-0.1777777777777777,False,49614090750,-30.56603773584906,-36.405529953917046,-20.575539568345324,-14.55108359133127,2760,185449704.0
104620,노랑풍선,KOSDAQ,11,-0.24557942208579267,-0.1333333333333333,False,52701080520,-8.175182481751818,-26.51869158878505,-44.336283185840706,-45.58823529411765,3145,918867034.25
046210,HLB파나진,KOSDAQ,11,-0.2517671974528812,-0.0222222222222222,False,55999390800,-15.368852459016392,-47.05128205128205,-28.670120898100173,-26.68639053254438,1239,367557764.05
072990,에이치시티,KOSDAQ,11,-0.3090555435839898,-0.06666666666666665,False,45161911690,-5.263157894736848,-29.292929292929294,-43.14079422382672,-51.0032664489034,3150,281420221.25
310210,보로노이,KOSDAQ,11,-0.322314954737657,-0.1555555555555555,False,2682646728300,-19.005030743432084,-48.064516129032256,-32.6046511627907,-15.31268264172998,144900,11875640890.0
107600,새빗켐,KOSDAQ,11,-0.17719474730522833,-0.2333333333333334,False,77970745200,0.7879656160458381,-44.166666666666664,-50.2826855123675,-41.37499999999999,14070,211267983.5
357880,SKAI,KOSDAQ,11,-0.790729521444161,-0.14444444444444443,False,93613456321,-33.39731285988484,-44.12238325281803,-3.503893214682985,-20.04608294930875,1735,1206771021.35
034220,LG디스플레이,KOSPI,11,-0.6971838019560269,-0.17777777777777776,False,4285000000000,-22.583559168925028,-21.086556169429095,-27.557058326289095,-41.22085048010974,8570,25632608616.0
003570,SNT다이내믹스,KOSPI,11,-0.6084421777975602,-0.0444444444444444,False,1084037922200,-8.11188811188811,-37.547528517110266,-26.83741648106904,-54.75206611570248,32850,3045868132.5
235980,메드팩토,KOSDAQ,11,-0.20685120052639291,-0.07777777777777772,False,101797109370,-4.559748427672961,-44.81818181818183,-54.56586826347305,-27.13085234093637,3035,306589935.75
008730,율촌화학,KOSPI,10,-0.08542782984827674,-0.0444444444444444,False,370264000000,-2.622950819672132,-37.99582463465553,-41.878669275929546,-51.151315789473685,14850,795522060.5
484590,삼양컴텍,KOSDAQ,10,-0.11617519423930107,-0.09999999999999998,False,311138897500,2.7247956403269713,-40.95536413469068,-43.73134328358209,-57.59280089988752,7540,1408559810.0
194700,노바렉스,KOSDAQ,10,-0.4031500623356833,-0.18888888888888888,False,189485322240,-20.984848484848484,-23.139277818717762,-26.549295774647884,-45.249343832021,10430,507298360.5
290660,다이나믹솔루션,KOSDAQ,10,-0.06150194964547987,-0.2222222222222222,False,55903443840,-23.564239194789817,-37.992315081652265,-18.805031446540877,-33.108808290155444,1291,921356969.6
0007C0,아크릴,KOSDAQ,10,-0.1714837301863171,-0.1333333333333333,True,148400387520,8.323632130384162,-40.06441223832529,-41.477987421383645,-72.22388059701493,18610,6081080279.5
328130,루닛,KOSDAQ,10,-0.47649074627461574,-0.24444444444444452,False,787022962600,-4.602888086642598,-35.32794909446891,-48.69181107713217,-44.66258311083189,10570,8768482048.0
027050,코리아나,KOSDAQ,10,-0.047411239574050294,-0.07777777777777783,False,51160000000,-5.4784514243973685,-27.425687044307345,-48.032128514056225,-52.074074074074076,1294,293256748.55
234030,싸이닉솔루션,KOSDAQ,10,-0.3135462748888669,-0.16666666666666663,False,89580975000,10.21582733812949,-39.87441130298273,-57.819383259911895,-61.27401415571284,3830,1745734345.0
950210,프레스티지바이오파마,KOSPI,10,-0.01753307962307726,-0.0888888888888889,False,366586545500,1.983471074380172,-35.729166666666664,-54.49852507374631,-52.611367127496166,6170,189871691.0
462350,이노스페이스,KOSDAQ,10,-0.5524154225375255,0.04444444444444445,False,219213770840,-17.519181585677746,-44.343774268703086,-39.05319852593783,-20.664206642066418,6450,1379980534.0
112040,위메이드,KOSDAQ,10,-0.21548482281399084,-0.14444444444444443,False,529596334800,-18.35245046923879,-21.699999999999996,-41.56716417910447,-41.45794392523364,15660,3029353686.5
348210,넥스틴,KOSDAQ,10,-0.6098318076710616,-0.08888888888888885,False,399173890500,-14.689880304679004,-40.6060606060606,-46.666666666666664,-24.904214559386972,39200,3065248707.5
394800,쓰리빌리언,KOSDAQ,10,-0.3948289882314101,-0.24444444444444452,False,192208220120,-4.874213836477992,-50.16474464579901,-63.109756097560975,-19.225634178905203,6050,5380887575.0
457550,우진엔텍,KOSDAQ,10,-0.5171007098842665,-0.0222222222222222,False,131676876540,-15.236952609478106,-43.81709741550696,-31.407766990291265,-36.919642857142854,14130,1185354216.5
0013V0,삼진식품,KOSDAQ,9,-0.05135226900654904,-0.033333333333333326,True,54552608000,6.370656370656369,-25.741239892183287,-58.63363363363363,-71.3170223841749,5510,310448664.75
098070,한텍,KOSDAQ,9,-0.290101364087829,-0.11111111111111105,False,261346813500,-9.999999999999998,-52.53549695740365,-25.71428571428571,-45.19906323185011,23400,2555968480.0
336570,원텍,KOSDAQ,9,-0.5067208198834195,-0.2,False,447296036460,-16.885245901639344,-26.521739130434785,-38.54545454545455,-44.951140065146575,5070,1837898375.0
0015S0,페스카로,KOSDAQ,9,-0.1472064622556489,-0.13333333333333336,True,80709851400,8.695652173913038,-43.22092222986924,-48.72591671845867,-69.55719557195572,8250,2116110564.5
145020,휴젤,KOSDAQ,9,-0.10018510213670925,-0.24444444444444452,False,2253982657300,-29.25490196078432,-25.761316872427987,-23.234042553191493,-36.81260945709282,180400,11775031975.0
243070,휴온스,KOSDAQ,9,-0.5839861437710979,-0.15555555555555556,False,233363874200,-28.97435897435897,-23.359683794466402,-29.10420475319927,-34.49324324324324,19390,495567597.0
290690,아리바이오홀딩스,KOSDAQ,9,-0.34825682185868373,-0.2,False,162137419275,-29.748283752860416,-13.884992987377275,-34.680851063829785,-38.72255489021956,3070,3315342848.5
0009K0,에임드바이오,KOSDAQ,9,-0.14432962008279618,-0.15555555555555556,True,1615413992800,-0.988142292490124,-48.13664596273291,-54.20475319926874,-43.06818181818181,25050,2305960740.0
439260,대한조선,KOSPI,9,-0.3772151026493898,-0.0888888888888889,False,1746368270500,-11.95028680688337,-51.06269925611052,-30.85585585585585,-42.29323308270677,46050,1405998170.0
114090,GKL,KOSPI,9,-0.4204831834245968,-0.16666666666666663,False,525773195000,-19.092627599243862,-24.38162544169611,-41.68937329700273,-45.16335682254965,8560,778396108.0
097230,HJ중공업,KOSPI,9,-0.43052777312767737,-0.05555555555555558,False,1383324670080,-21.182519280205657,-37.04312114989733,-28.028169014084504,-42.4765478424015,15330,3657145340.5
077970,STX엔진,KOSPI,9,-0.4854312675561004,-0.21111111111111108,False,909353626950,-19.469026548672563,-37.15469613259669,-31.988041853512705,-42.47787610619469,22750,3117129300.0
466100,클로봇,KOSDAQ,9,-0.4297103688753311,-0.11111111111111116,False,735151301250,-14.388489208633093,-51.20951209512094,-60.115296956696604,-10.737726437385142,23800,6160082360.0
058970,엠로,KOSDAQ,9,-0.221961290655095,0.04444444444444445,False,208313078900,0.23738872403560318,-35.77946768060837,-56.015625,-60.67520372526194,16890,347367774.5
042660,한화오션,KOSPI,9,-0.4254656523902609,-0.08888888888888885,False,24145375447200,-26.37979420018709,-38.515625,-31.386224934612027,-29.417040358744394,78700,55568378510.0
084990,헬릭스미스,KOSDAQ,8,-0.5615695773408298,-0.08888888888888885,False,170312884915,-7.845579078455788,-58.33333333333333,-38.741721854304636,-39.64110929853181,3700,749162734.0
086900,메디톡스,KOSDAQ,8,-0.3879324808650473,-0.1777777777777777,False,486079900200,-15.423514538558791,-32.56048387096774,-45.34313725490197,-44.573322286661146,66900,1252015565.0
322310,오로스테크놀로지,KOSDAQ,8,-0.7142871285101486,-0.06666666666666665,False,153611288800,-15.38063179699638,-44.61016949152542,-38.57142857142857,-40.79710144927537,16340,1263895067.0
486990,노타,KOSDAQ,8,-0.37002262673379577,-0.0888888888888889,True,437475193500,-8.277404921700226,-41.09195402298851,-63.65248226950355,-33.87096774193549,20500,7933497589.0
111710,남화산업,KOSDAQ,8,-0.08948932593690646,-0.12222222222222218,False,65881600000,-35.4573484069887,-21.204516938519447,-29.039548022598872,-34.37826541274818,3140,218772775.75
085660,차바이오텍,KOSDAQ,8,-0.6584891211132122,-0.21111111111111108,False,786550277160,-18.45124282982792,-51.31278538812785,-42.55892255892256,-24.779541446208107,8530,1502314016.0
317830,에스피시스템스,KOSDAQ,8,-0.4094823535789681,-0.21111111111111108,False,53653613640,-1.7786561264822143,-46.73097534833869,-62.63157894736842,-44.654788418708236,4970,228019983.0
039840,디오,KOSDAQ,8,-0.5599057824808733,-0.1333333333333333,False,136036495920,-18.955823293172692,-38.36285888821014,-40.08313539192399,-41.94476409666284,10090,579985776.5
003520,영진약품,KOSPI,8,-0.27620217017231974,-0.07777777777777783,False,190757118433,-12.333333333333329,-38.87274840209181,-48.04938271604938,-46.84183931278424,1052,428375290.95
017960,한국카본,KOSPI,8,-0.5505411192868704,-0.09999999999999998,False,1061951787300,-20.423892100192674,-54.11111111111111,-25.58558558558559,-38.266068759342296,20650,3350666140.0
047560,이스트소프트,KOSDAQ,8,-0.25711249209832804,-0.11111111111111105,False,91321447140,-1.133501259445846,-37.944664031620555,-55.77464788732394,-63.23185011709602,7850,257268992.5
253450,스튜디오드래곤,KOSDAQ,8,-0.12914647244949062,-0.09999999999999998,False,613193359200,-5.5045871559633035,-39.76608187134503,-55.74650912996777,-53.44632768361581,20600,880142850.0
450950,아스테라시스,KOSDAQ,8,-0.5501025004526259,-0.16666666666666663,False,239687761040,-9.544159544159548,-37.5,-54.83641536273115,-49.118589743589745,6350,302597088.5
138610,나이벡,KOSDAQ,8,-0.24187724386839565,-0.11111111111111105,False,181657332140,-5.591524426133021,-37.5875486381323,-57.39707835325365,-55.13286713286713,16040,605108557.5
338220,뷰노,KOSDAQ,7,-0.3369182820907188,-0.12222222222222223,False,116915222050,7.426376440460958,-45.80103359173127,-64.37367303609342,-66.57370517928287,8390,3032078146.75
002220,한일철강,KOSPI,7,-0.6821641295957138,-0.0888888888888889,False,75019862600,-33.920187793427225,-28.914141414141415,-43.92430278884463,-21.478382147838214,2815,362994702.5
040350,크레오에스지,KOSDAQ,7,-0.3791078076404475,-0.09999999999999998,False,67312504440,-57.52823086574654,-0.4411764705882337,-32.0962888665998,-14.949748743718594,3385,463493639.75
008830,대동기어,KOSDAQ,7,-0.6366589666724373,-0.011111111111111127,False,123339719880,-18.97008708822415,-49.725920125293655,-41.10091743119266,-34.308809986698044,6420,1816167814.0
323990,박셀바이오,KOSDAQ,7,-0.1337353178227825,-0.19999999999999996,False,99657723325,-4.955947136563877,-44.25064599483204,-56.936127744510976,-53.199566160520604,4315,689903399.75
424870,이뮨온시아,KOSDAQ,7,-0.29741453364394493,-0.21111111111111114,False,314880816705,0.8810572687224738,-56.24203821656051,-70.34447034447034,-40.083725798011514,3435,4817149119.5
365330,에스와이스틸텍,KOSDAQ,7,-0.3787240268564824,-0.1444444444444445,False,81929243000,-8.216880939072102,-53.61581920903955,-50.015220700152206,-48.36477987421384,1642,775017609.1
0117P0,피스피스스튜디오,KOSDAQ,7,,,True,79345901600,4.485981308411224,-59.28623452294246,-59.28623452294246,-59.28623452294246,5590,562981394.0
0011A0,액스비스,KOSDAQ,7,-0.1580763113228802,-0.07777777777777778,True,111631530400,15.621986499517849,-52.51485148514852,-73.93478260869566,-73.93478260869566,11990,16737537798.0
010780,아이에스동서,KOSPI,7,-0.7718709217555343,-0.21111111111111114,False,433385659440,-33.05936073059361,-48.38028169014085,-36.810344827586206,-19.22865013774104,14660,1135906989.0
044340,위닉스,KOSDAQ,7,-0.1405703674912331,-0.2555555555555556,False,51654198250,-18.384401114206128,-39.77389516957862,-46.92028985507246,-47.58497316636851,2930,207600325.5
278650,HLB바이오스텝,KOSDAQ,7,-0.07484882309908227,-0.011111111111111127,False,50118138500,-0.3454231433506094,-51.55331654072208,-61.507671781187454,-57.85244704163623,2885,1016477289.75
061250,화일약품,KOSDAQ,7,-0.02483975293408686,-0.0222222222222222,False,53451658400,-24.765258215962437,-33.50622406639005,-44.97854077253219,-43.87040280210157,6410,404918395.0
071970,HD현대마린엔진,KOSPI,7,-0.4827510806915033,-0.12222222222222223,False,1665545404500,-25.1145038167939,-35.29023746701847,-42.294117647058826,-44.26136363636364,49050,8398995325.0
376300,디어유,KOSDAQ,7,-0.5127896835149833,-0.055555555555555525,False,445095112500,-14.004576659038904,-36.520270270270274,-53.14214463840399,-55.68396226415094,18790,1099012616.5
382150,온코크로스,KOSDAQ,6,-0.2859828441328854,-0.2555555555555556,False,49184754580,-1.7038007863695914,-51.61290322580645,-60.9375,-57.72266065388951,3750,459163015.0
052220,iMBC,KOSDAQ,6,-0.42760525750247597,-0.11111111111111116,False,37881000000,-15.14066496163683,-44.32885906040268,-48.15625,-50.989660265878875,1659,934913604.15
037270,YG PLUS,KOSPI,6,-0.26161548907539656,-0.1444444444444445,False,197355641000,-8.957415565345084,-39.57115009746589,-58.94039735099338,-58.500669344042834,3100,299533116.25
348370,엔켐,KOSDAQ,6,-0.424351504371929,-0.04444444444444445,False,495188464400,-4.9792531120331995,-34.38395415472779,-64.38569206842924,-67.14490674318508,22900,3751131225.0
463020,뉴엔AI,KOSDAQ,6,-0.015760755804136935,-0.18888888888888883,False,62281296000,-0.8620689655172376,-40.20797227036395,-61.322869955156946,-73.09941520467837,6900,807187655.0
249420,일동제약,KOSPI,6,-0.3512910225323664,-0.2333333333333334,False,459071036520,-11.240073304825904,-46.18518518518518,-62.45478036175711,-46.580882352941174,14530,4318576320.0
0017J0,세미티에스,KOSDAQ,6,,,True,97538617635,-28.01339285714286,-40.716911764705884,-40.716911764705884,-40.716911764705884,3225,1751470208.0
032350,롯데관광개발,KOSPI,6,-0.5094126062248089,-0.0222222222222222,False,867412983040,-28.22368421052631,-32.40396530359355,-51.725663716814154,-38.15192743764172,10910,3086741635.0
900340,윙입푸드,KOSDAQ,6,-0.19720360636636855,-0.2888888888888889,False,45474731496,1.273885350318471,-49.058870644773734,-61.617380808690406,-70.83906464924347,1272,295212500.35
0007J0,인벤테라,KOSDAQ,6,-0.025971332434541236,-0.1555555555555555,True,76769368640,17.53325272067714,-70.41095890410959,-72.42553191489361,-72.42553191489361,9720,5365503383.5
463480,모티브링크,KOSDAQ,6,-0.4012013294106286,-0.06666666666666671,False,48508251570,-15.075921908893708,-46.148555708390646,-50.87829360100377,-54.04929577464789,3915,478945450.25
255220,SG,KOSDAQ,6,-0.5228969853465512,-0.11111111111111105,False,168781461542,-14.803392444101771,-56.011146496815286,-52.75758871312527,-45.188492063492056,1105,2457175239.35
053030,바이넥스,KOSDAQ,6,-0.333538248521528,-0.2222222222222222,False,209505645080,-12.6514131897712,-40.83865086599817,-58.12903225806452,-59.58904109589041,6490,378415310.5
473980,노머스,KOSDAQ,6,-0.13460212759906404,-0.11111111111111116,False,111765863040,-5.234159779614322,-42.69850083287062,-64.89795918367346,-65.99670510708403,10320,316430105.5
0088M0,메쥬,KOSDAQ,6,-0.4782122202051333,-0.09999999999999998,True,142198382500,-0.8270158511371473,-56.26139817629179,-63.102564102564095,-63.102564102564095,14390,1493247589.5
900300,오가닉티코스메틱,KOSDAQ,5,-0.028672600594390942,-0.12222222222222218,False,61534490030,10.701107011070121,-45.945945945945944,-76.19047619047619,-83.42541436464089,3000,541097167.0
084110,휴온스글로벌,KOSDAQ,5,-0.2536842127349107,-0.15555555555555556,False,285478760600,-10.019646365422396,-59.469026548672566,-54.56349206349207,-50.271444082519004,22900,779984787.5
220100,퓨쳐켐,KOSDAQ,5,-0.4462033261326055,-0.2333333333333334,False,185626027500,-5.697705091005012,-52.18990304246071,-69.64422178823129,-53.44445891392109,7150,812428755.95
067160,SOOP,KOSDAQ,5,-0.542949770773122,-0.2222222222222222,False,406138629600,-25.538461538461544,-37.84246575342466,-47.314949201741655,-50.67934782608696,36300,1167791242.5
075580,세진중공업,KOSPI,5,-0.5849304203661124,-0.12222222222222223,False,569631549120,-25.465376023827258,-42.272202998846595,-42.004634994206256,-52.10526315789474,10010,1043757531.5
352820,하이브,KOSPI,5,-0.47296562511699897,-0.14444444444444443,False,6694491630800,-24.195121951219512,-42.44444444444444,-55.08670520231214,-41.90654205607477,155400,29739213770.0
477850,마키나락스,KOSDAQ,5,-0.00281674296443023,-0.16666666666666663,True,403920244000,-2.350427350427353,-61.916666666666664,-61.916666666666664,-61.916666666666664,22850,10588126877.5
034230,파라다이스,KOSPI,5,-0.5966976882497375,-0.16666666666666663,False,864232134060,-26.755070202808117,-37.48335552596538,-43.637454981992796,-56.01873536299766,9390,2792504340.0
100090,SK오션플랜트,KOSPI,5,-0.4276908883173715,-0.16666666666666663,False,749112766710,-21.475195822454307,-60.16556291390729,-38.809766022380465,-49.97920997920998,12030,12423552763.0
214150,클래시스,KOSDAQ,5,-0.567230298125613,-0.15555555555555556,False,1999472948350,-33.58449946178686,-41.461100569259955,-47.35494880546075,-37.36040609137056,30850,4464520087.5
376900,로킷헬스케어,KOSDAQ,5,-0.6961929254006152,-0.07777777777777778,False,484106797500,-30.461922596754054,-80.38732394366197,-55.22508038585209,3.1481481481481444,27850,4506700557.5
347850,디앤디파마텍,KOSDAQ,5,-0.7661865679172589,-0.2333333333333334,False,1977836127000,-46.634026927784575,-36.44314868804665,-50.95613048368954,-13.104135525660187,43600,22004251092.5
331740,아우토크립트,KOSDAQ,5,-0.4900663563647971,-0.06666666666666665,False,66306738800,-14.735516372795965,-52.424455375966275,-62.985237834882454,-50.293685756240826,6770,362410881.0
035900,JYP Ent.,KOSDAQ,5,-0.67619262701724,-0.15555555555555556,False,1328915200800,-29.51127819548872,-37.707641196013284,-51.61290322580645,-48.97959183673469,37500,6009810015.0
082850,우리바이오,KOSDAQ,4,-0.5997150534360273,-0.1444444444444445,False,44095483250,-17.962466487935657,-50.324675324675326,-55.65217391304348,-59.73684210526316,4590,503485032.25
334970,프레스티지바이오로직스,KOSDAQ,4,-0.2570993005662021,-0.09999999999999998,False,111497281458,-27.135678391959793,-39.075630252100844,-54.40251572327044,-54.54545454545454,1450,270011258.3
389650,넥스트바이오메디컬,KOSDAQ,4,-0.5218056639191739,-0.2222222222222222,False,262803830500,-19.240506329113927,-51.51975683890577,-61.286407766990294,-53.15712187958884,31900,826872757.5
082270,젬백스,KOSDAQ,4,-0.32037797524955525,-0.24444444444444452,False,507108545050,-1.403508771929829,-60.69930069930069,-63.267973856209146,-77.83037475345166,11240,1125147919.5
389470,인벤티지랩,KOSDAQ,4,-0.7512275426229758,-0.2888888888888889,False,376608136400,-25.328083989501316,-53.43698854337152,-65.80528846153845,-36.353467561521256,28450,2439009840.0
0001A0,덕양에너젠,KOSDAQ,4,-0.141190680100227,-0.11111111111111105,True,216740866620,-2.8473804100227817,-50.116959064327496,-75.52367288378767,-75.52367288378767,8530,1242192131.0
092040,아미코젠,KOSDAQ,4,-0.6697472339395247,-0.15555555555555556,False,69807522356,-25.577926920208803,-36.473583704646714,-45.49426542872747,-74.14507772020725,998,400288089.65
372320,큐로셀,KOSDAQ,4,-0.4566099687185605,-0.06666666666666671,False,350224496000,-27.315541601255887,-53.56068204613842,-50.215053763440864,-48.89624724061811,23150,514485582.5
194480,데브시스터즈,KOSDAQ,4,-0.0002845538608138414,-0.2222222222222222,False,170489791500,-18.619489559164737,-42.02479338842975,-57.80451127819548,-70.89211618257261,14030,842847054.0
287840,인투셀,KOSDAQ,4,-0.5270961650723854,-0.1777777777777778,False,271146378000,-17.727272727272727,-52.98701298701298,-66.16822429906541,-53.470437017994854,18100,544528024.5
456070,이엔셀,KOSDAQ,4,-0.605121397740527,-0.11111111111111105,False,66177102000,-17.09986320109439,-59.05405405405406,-65.37142857142857,-49.5,6060,1581008681.5
175250,아이큐어,KOSDAQ,4,-0.40083998848733154,-0.08888888888888889,False,102790967805,-41.98606271777003,-41.98606271777003,-41.98606271777003,-41.98606271777003,1665,1020587794.45
381970,KG모빌리티플랫폼,KOSPI,4,-0.6201557559191392,-0.24444444444444452,False,308547759360,-25.710900473933652,-41.23711340206185,-59.67845659163987,-59.04637491835402,6270,410937466.0
214370,케어젠,KOSDAQ,4,-0.7775094614430245,-0.21111111111111114,False,2285573250000,-37.95620437956204,-60.46511627906976,-42.41192411924119,-32.75316455696202,42500,2696272502.5
087010,펩트론,KOSDAQ,4,-0.2755010391980998,-0.03333333333333327,False,3019596825000,-27.72551189817377,-52.595281306715066,-47.12550607287449,-56.53910149750416,130600,20273453480.0
064350,현대로템,KOSPI,3,-0.7363387730839318,-0.1333333333333333,False,12715077134500,-42.24438902743142,-44.85714285714286,-40.12409513960703,-48.76106194690265,115800,39056748915.0
131400,이브이첨단소재,KOSDAQ,3,-0.5817873163019469,-0.17777777777777776,False,45647381612,-34.641638225255974,-48.93333333333333,-45.59659090909091,-54.75487300649734,766,284396667.5
380550,뉴로핏,KOSDAQ,3,-0.6182933868535689,-0.1777777777777777,False,97102973360,-18.88888888888889,-56.851155292853306,-64.15178571428571,-60.24752475247524,8030,1401776462.0
464490,쿼드메디슨,KOSDAQ,3,-0.6467609927395651,-0.11111111111111116,True,59266009450,-12.687813021702842,-60.76519129782445,-63.93103448275862,-70.33465683494045,5230,242401314.0
153890,져스텍,KOSDAQ,3,,,True,112188339550,-40.65864471184294,-46.54877353108956,-46.54877353108956,-46.54877353108956,9370,3901713413.0
338840,와이바이오로직스,KOSDAQ,3,-0.6775787271412915,-0.31111111111111117,False,131240912760,-27.00170357751278,-69.55595026642985,-60.59770114942529,-39.09026297085999,8570,218850323.0
141080,리가켐바이오,KOSDAQ,3,-0.6584489892722293,-0.12222222222222223,False,3046698101400,-37.92071802543007,-52.57142857142857,-51.405152224824356,-45.502298095863424,83000,16397336510.0
419530,SAMG엔터,KOSDAQ,3,-0.35296982872880406,-0.2444444444444444,False,184038286110,-27.500000000000004,-45.51515151515152,-56.622436670687584,-69.05335628227193,17980,832467210.0
0004V0,엔비알모션,KOSDAQ,3,-0.5252502635224062,-0.19999999999999996,True,68044173120,-14.931506849315069,-68.55696202531645,-64.93506493506493,-64.93506493506493,6210,1360967762.0
389020,자람테크놀로지,KOSDAQ,3,-0.5958116724024761,-0.1444444444444445,False,117800698920,-27.203389830508474,-65.11675126903553,-56.06138107416881,-55.14360313315927,17180,1815079511.5
214680,디알텍,KOSDAQ,3,-0.4971009502496991,-0.15555555555555556,False,65362534065,-27.052238805970152,-51.72839506172839,-62.850356294536816,-62.67303102625299,3910,1021704417.75
476830,알지노믹스,KOSDAQ,3,-0.6051642947169882,-0.2333333333333334,True,789760523400,-32.25419664268585,-69.32681867535287,-62.33333333333333,-37.22222222222222,28250,7205256065.0
065660,안트로젠,KOSDAQ,3,-0.7102633637578819,-0.1333333333333333,False,150491744000,-28.632075471698116,-67.84272051009565,-68.67494824016563,-39.721115537848604,15130,249225105.5
0082N0,카나프테라퓨틱스,KOSDAQ,3,-0.31132659268933127,-0.06666666666666665,True,171311470400,-11.708645336963919,-64.26997245179064,-74.36758893280633,-74.36758893280633,12970,887976971.0
475040,스트라드비젼,KOSDAQ,3,,,True,161745092610,-34.279475982532745,-58.194444444444436,-58.194444444444436,-58.194444444444436,3010,7406307394.0
494120,큐리오시스,KOSDAQ,2,-0.6674934595008718,-0.08888888888888885,True,148782699000,-20.751370525636894,-67.13583631439938,-61.38889979967792,-77.6677192902742,9830,914650942.5
484870,엠앤씨솔루션,KOSPI,2,-0.4063499671908982,-0.1555555555555555,False,512160705000,-32.408759124087595,-48.31579828649569,-60.59574468085107,-74.51352764704264,18520,2170656426.0
002020,코오롱,KOSPI,2,-0.7591684332916006,-0.1111111111111111,False,303975864000,-50.72916666666667,-61.73139158576052,-48.19277108433735,-43.82422802850356,23650,550836435.0
394420,리센스메디컬,KOSDAQ,2,-0.7605386067616807,-0.11111111111111116,True,96357380760,-47.55952380952381,-59.49425287356323,-52.24932249322494,-52.24932249322494,8810,740742474.0
033340,좋은사람들,KOSDAQ,2,-0.3533766378344908,-0.24444444444444446,False,44597256680,-19.298245614035093,-71.33956386292834,-74.54344216934146,-78.19905213270142,460,3866063569.95
0011T0,채비,KOSDAQ,2,-0.4821393665138161,-0.14444444444444443,True,253527791400,-19.104477611940297,-75.96452328159646,-75.96452328159646,-75.96452328159646,5420,1447182417.0
288180,케이피항공산업,KOSDAQ,2,-0.49517851267961877,-0.1333333333333333,True,57002050020,-11.851015801354404,-82.18928164196123,-82.18928164196123,-82.18928164196123,7810,310899611.0
493280,아이엠바이오로직스,KOSDAQ,2,-0.6349226174002712,-0.11111111111111116,True,254459771540,-21.045454545454547,-62.924226254002136,-83.29807692307692,-83.29807692307692,17370,2606120561.0
397030,에이프릴바이오,KOSDAQ,2,-0.8245318104336349,-0.1333333333333333,False,469050469640,-48.379204892966364,-67.2233009708738,-68.15094339622641,-44.92659053833605,16880,4425061806.5
408470,한패스,KOSDAQ,2,-0.5931916516732746,-0.1333333333333333,True,49212660000,-21.60804020100503,-68.27118644067797,-82.79411764705881,-82.79411764705881,4680,185073156.25
298380,에이비엘바이오,KOSDAQ,2,-0.6571411789617501,-0.3,False,2877755598200,-46.09781477627472,-66.96428571428572,-73.50383631713555,-45.70230607966457,51800,20693100790.0
365660,레몬헬스케어,KOSDAQ,2,,,True,55302347490,-56.27659574468085,-56.27659574468085,-56.27659574468085,-56.27659574468085,4110,4542625981.25
439960,코스모로보틱스,KOSDAQ,2,-0.6121708425278547,-0.2888888888888889,True,257333464180,-42.54545454545454,-67.08333333333334,-67.08333333333334,-67.08333333333334,7900,22518584349.0
058820,CMG제약,KOSDAQ,2,-0.8646584607050048,-0.2444444444444444,False,83245438472,-40.339702760084926,-68.23063877897117,-69.40664126292869,-70.56050288108958,562,461118268.75
210980,SK디앤디,KOSPI,1,-0.6576112658392217,-0.27777777777777785,False,62461316610,-56.33131521319077,-61.464135500738884,-63.30771728542051,-60.67285382830627,3390,1677399848.25
475830,오름테라퓨틱,KOSDAQ,1,-0.22890360220724343,-0.23333333333333334,False,460074173400,-59.674329501915715,-73.62155388471177,-81.50263620386643,-37.813884785819795,21050,14025783037.5
487580,폴레드,KOSDAQ,1,-0.42892764345380896,-0.3,True,70260182190,-28.0970625798212,-85.92500000000001,-85.92500000000001,-85.92500000000001,2815,530180841.5
102940,코오롱생명과학,KOSDAQ,1,-0.8320192564236875,-0.12222222222222223,False,189028307320,-66.51428571428572,-73.31511839708561,-68.49462365591398,-55.13016845329249,14650,672903310.0
371950,풍원정밀,KOSDAQ,1,-0.8791237205390388,-0.18888888888888888,False,70223729800,-57.193732193732195,-74.64135021097047,-70.09950248756218,-71.65094339622642,3005,692272905.5
179900,유티아이,KOSDAQ,1,-0.7060996434928972,-0.22222222222222227,False,49932973485,-48.669623059866964,-86.30987581312833,-90.35416666666667,-91.296992481203,2315,675322092.75
950160,코오롱티슈진,KOSDAQ,1,-0.7833392436119858,-0.13333333333333336,False,1370568680800,-82.02657807308971,-83.80239520958084,-77.3006993006993,-65.32051282051282,16230,10525372052.5
